pollster,numeric_grade,pollscore,end_date,transparency_score,question_id,method,state,sample_size,candidate,pct,election_date,days_to_election,initial_weight,weight
St. Anselm,2.4,-0.5,2024-10-02,6,211550,Online Panel,New Hampshire,2104,Harris,51,2024-11-05,34,0.8944271909999159,1.0472210516615237
Mitchell,2.4,-0.2,2024-09-30,7,211543,Text-to-Web,Michigan,709,Harris,48,2024-11-05,36,0.8944271909999159,1.0472210516615237
Mitchell,2.4,-0.2,2024-09-30,7,211544,Text-to-Web,Michigan,709,Harris,47,2024-11-05,36,0.8944271909999159,1.0472210516615237
InsiderAdvantage,2,-0.3,2024-09-30,5,211160,Text,Arizona,800,Harris,47.7,2024-11-05,36,0.816496580927726,0.9559776544821658
InsiderAdvantage,2,-0.3,2024-09-30,5,211161,Text,Nevada,800,Harris,48.4,2024-11-05,36,0.816496580927726,0.9559776544821658
InsiderAdvantage,2,-0.3,2024-09-30,5,211162,Text,North Carolina,800,Harris,49.3,2024-11-05,36,0.816496580927726,0.9559776544821658
InsiderAdvantage,2,-0.3,2024-09-30,5,211163,Text,Georgia,800,Harris,48.3,2024-11-05,36,0.816496580927726,0.9559776544821658
Trafalgar Group,0.7,0.6,2024-09-30,4,211329,IVR/Live Phone/Text/Online Panel/Email,Wisconsin,1079,Harris,46,2024-11-05,36,0.48304589153964794,0.5655640074776931
Trafalgar Group,0.7,0.6,2024-09-30,4,211420,IVR/Live Phone/Text/Online Panel/Email,Michigan,1086,Harris,44.7,2024-11-05,36,0.48304589153964794,0.5655640074776931
WPAi,1.7,-0.1,2024-09-30,3,211425,Live Phone,North Dakota,500,Harris,32,2024-11-05,36,0.752772652709081,0.8813678485676907
Patriot Polling,1.1,0.6,2024-09-29,5,211114,IVR,Pennsylvania,816,Harris,49,2024-11-05,37,0.6055300708194984,0.7089720034867899
Alaska Survey Research,1.9,-0.1,2024-09-29,7,211140,Probability Panel,Alaska,1182,Harris,43,2024-11-05,37,0.7958224257542215,0.9317717596470511
Trafalgar Group,0.7,0.6,2024-09-29,4,211082,IVR/Live Phone/Text/Online Panel/Email,Pennsylvania,1090,Harris,45.3,2024-11-05,37,0.48304589153964794,0.5655640074776931
HighGround,1.8,-0.3,2024-09-29,4.5,211453,Live Phone,Arizona,500,Harris,47.6,2024-11-05,37,0.7745966692414834,0.9069200341167356
The Washington Post,3,-1.2,2024-09-29,9,211143,Live Phone/Text-to-Web,North Carolina,1001,Harris,48,2024-11-05,37,1,1.170828729491993
The Washington Post,3,-1.2,2024-09-29,9,211144,Live Phone/Text-to-Web,North Carolina,1001,Harris,47,2024-11-05,37,1,1.170828729491993
Quinnipiac,2.8,-0.5,2024-09-29,9,211301,Live Phone,North Carolina,953,Harris,47,2024-11-05,37,0.9660917830792959,1.1311280149553862
Quinnipiac,2.8,-0.5,2024-09-29,9,211303,Live Phone,North Carolina,953,Harris,48,2024-11-05,37,0.9660917830792959,1.1311280149553862
Quinnipiac,2.8,-0.5,2024-09-29,9,211300,Live Phone,Georgia,942,Harris,44,2024-11-05,37,0.9660917830792959,1.1311280149553862
Quinnipiac,2.8,-0.5,2024-09-29,9,211302,Live Phone,Georgia,942,Harris,45,2024-11-05,37,0.9660917830792959,1.1311280149553862
Winthrop U.,2.5,-0.3,2024-09-29,8.5,211345,Live Phone/Online Panel,South Carolina,1068,Harris,42,2024-11-05,37,0.9128709291752769,1.0688155101964647
High Point University,2.5,-0.4,2024-09-29,8,211536,Online Panel,North Carolina,814,Harris,48,2024-11-05,37,0.9128709291752769,1.0688155101964647
High Point University,2.5,-0.4,2024-09-29,8,211537,Online Panel,North Carolina,589,Harris,48,2024-11-05,37,0.9128709291752769,1.0688155101964647
Emerson,2.9,-1.1,2024-09-28,7,211311,Online Panel/Text-to-Web,Arizona,920,Harris,47.6,2024-11-05,38,0.983192080250175,1.1511495341659022
Emerson,2.9,-1.1,2024-09-28,7,211310,Online Panel/Text-to-Web,North Carolina,850,Harris,49.1,2024-11-05,38,0.983192080250175,1.1511495341659022
Emerson,2.9,-1.1,2024-09-28,7,211323,Online Panel/Text-to-Web,Pennsylvania,1000,Harris,49.3,2024-11-05,38,0.983192080250175,1.1511495341659022
RMG Research,2.3,-0.4,2024-09-27,5,211304,Online Panel,Texas,779,Harris,46,2024-11-05,39,0.8755950357709131,1.0251718232811544
RMG Research,2.3,-0.4,2024-09-27,5,211490,Online Panel,Florida,774,Harris,48,2024-11-05,39,0.8755950357709131,1.0251718232811544
RMG Research,2.3,-0.4,2024-09-27,5,211607,Online Panel,North Carolina,780,Harris,47,2024-11-05,39,0.8755950357709131,1.0251718232811544
RMG Research,2.3,-0.4,2024-09-27,5,211305,Online Panel,Michigan,789,Harris,50,2024-11-05,39,0.8755950357709131,1.0251718232811544
PPP,1.4,0,2024-09-26,4,211078,IVR/Text,Florida,808,Harris,45,2024-11-05,40,0.6831300510639732,0.7998282897650321
PPP,1.4,0,2024-09-26,4,211080,IVR/Text,Florida,808,Harris,46,2024-11-05,40,0.6831300510639732,0.7998282897650321
PPP,1.4,0,2024-09-26,4,211079,IVR/Text,Texas,759,Harris,44,2024-11-05,40,0.6831300510639732,0.7998282897650321
PPP,1.4,0,2024-09-26,4,211081,IVR/Text,Texas,759,Harris,46,2024-11-05,40,0.6831300510639732,0.7998282897650321
Siena/NYT,3,-1.5,2024-09-26,9,211041,Live Phone,Nebraska CD-2,680,Harris,51,2024-11-05,40,1,1.170828729491993
Siena/NYT,3,-1.5,2024-09-26,9,211042,Live Phone,Nebraska CD-2,680,Harris,49,2024-11-05,40,1,1.170828729491993
Siena/NYT,3,-1.5,2024-09-26,9,211043,Live Phone,Nebraska CD-2,680,Harris,52,2024-11-05,40,1,1.170828729491993
Siena/NYT,3,-1.5,2024-09-26,9,211044,Live Phone,Nebraska CD-2,680,Harris,51,2024-11-05,40,1,1.170828729491993
SurveyUSA,2.8,-1.3,2024-09-26,8,210966,Online Panel,Minnesota,646,Harris,50,2024-11-05,40,0.9660917830792959,1.1311280149553862
East Carolina University,2.6,-0.5,2024-09-26,7,211109,IVR/Text-to-Web,North Carolina,1005,Harris,47.1,2024-11-05,40,0.9309493362512627,1.0899822285844802
Siena/NYT,3,-1.5,2024-09-26,9,211029,Live Phone,Michigan,688,Harris,45,2024-11-05,40,1,1.170828729491993
Siena/NYT,3,-1.5,2024-09-26,9,211030,Live Phone,Michigan,688,Harris,43,2024-11-05,40,1,1.170828729491993
Siena/NYT,3,-1.5,2024-09-26,9,211031,Live Phone,Michigan,688,Harris,48,2024-11-05,40,1,1.170828729491993
Siena/NYT,3,-1.5,2024-09-26,9,211032,Live Phone,Michigan,688,Harris,46,2024-11-05,40,1,1.170828729491993
Siena/NYT,3,-1.5,2024-09-26,9,211033,Live Phone,Ohio,687,Harris,45,2024-11-05,40,1,1.170828729491993
Siena/NYT,3,-1.5,2024-09-26,9,211034,Live Phone,Ohio,687,Harris,44,2024-11-05,40,1,1.170828729491993
Siena/NYT,3,-1.5,2024-09-26,9,211035,Live Phone,Ohio,687,Harris,44,2024-11-05,40,1,1.170828729491993
Siena/NYT,3,-1.5,2024-09-26,9,211036,Live Phone,Ohio,687,Harris,43,2024-11-05,40,1,1.170828729491993
Siena/NYT,3,-1.5,2024-09-26,9,211037,Live Phone,Wisconsin,680,Harris,49,2024-11-05,40,1,1.170828729491993
Siena/NYT,3,-1.5,2024-09-26,9,211038,Live Phone,Wisconsin,680,Harris,48,2024-11-05,40,1,1.170828729491993
Siena/NYT,3,-1.5,2024-09-26,9,211039,Live Phone,Wisconsin,680,Harris,49,2024-11-05,40,1,1.170828729491993
Siena/NYT,3,-1.5,2024-09-26,9,211040,Live Phone,Wisconsin,680,Harris,48,2024-11-05,40,1,1.170828729491993
Marquette Law School,3,-1.1,2024-09-26,10,211434,Probability Panel,Wisconsin,882,Harris,52,2024-11-05,40,1,1.170828729491993
Marquette Law School,3,-1.1,2024-09-26,10,211435,Probability Panel,Wisconsin,798,Harris,52,2024-11-05,40,1,1.170828729491993
Marquette Law School,3,-1.1,2024-09-26,10,211436,Probability Panel,Wisconsin,882,Harris,48,2024-11-05,40,1,1.170828729491993
Marquette Law School,3,-1.1,2024-09-26,10,211437,Probability Panel,Wisconsin,798,Harris,49,2024-11-05,40,1,1.170828729491993
TIPP,1.8,-0.4,2024-09-25,3,210897,Online Panel,Nevada,1044,Harris,48,2024-11-05,41,0.7745966692414834,0.9069200341167356
TIPP,1.8,-0.4,2024-09-25,3,210898,Online Panel,Nevada,736,Harris,49.2,2024-11-05,41,0.7745966692414834,0.9069200341167356
TIPP,1.8,-0.4,2024-09-25,3,210899,Online Panel,Nevada,1044,Harris,47.6,2024-11-05,41,0.7745966692414834,0.9069200341167356
TIPP,1.8,-0.4,2024-09-25,3,210900,Online Panel,Nevada,736,Harris,49.7,2024-11-05,41,0.7745966692414834,0.9069200341167356
Emerson,2.9,-1.1,2024-09-25,7,210963,Online Panel/Text-to-Web,New York,1000,Harris,55.5,2024-11-05,41,0.983192080250175,1.1511495341659022
Victory Insights,1.3,0.1,2024-09-25,1,211077,IVR/Text-to-Web,Florida,600,Harris,44.9,2024-11-05,41,0.6582805886043833,0.7707338252049115
CNN/SSRS,2.8,-0.6,2024-09-25,10,210986,Live Phone/Text-to-Web/Email/Mail-to-Web/Mail-to-Phone,North Carolina,931,Harris,48,2024-11-05,41,0.9660917830792959,1.1311280149553862
CNN/SSRS,2.8,-0.6,2024-09-25,10,210987,Live Phone/Text-to-Web/Email/Mail-to-Web/Mail-to-Phone,Nebraska CD-2,749,Harris,53,2024-11-05,41,0.9660917830792959,1.1311280149553862
AtlasIntel,2.7,-0.8,2024-09-25,6,211063,Online Ad,Arizona,946,Harris,48.6,2024-11-05,41,0.9486832980505138,1.1107456605467567
AtlasIntel,2.7,-0.8,2024-09-25,6,211064,Online Ad,Arizona,946,Harris,48.6,2024-11-05,41,0.9486832980505138,1.1107456605467567
AtlasIntel,2.7,-0.8,2024-09-25,6,211067,Online Ad,Michigan,918,Harris,46.6,2024-11-05,41,0.9486832980505138,1.1107456605467567
AtlasIntel,2.7,-0.8,2024-09-25,6,211068,Online Ad,Michigan,918,Harris,47.2,2024-11-05,41,0.9486832980505138,1.1107456605467567
AtlasIntel,2.7,-0.8,2024-09-25,6,211069,Online Ad,Nevada,858,Harris,50.6,2024-11-05,41,0.9486832980505138,1.1107456605467567
AtlasIntel,2.7,-0.8,2024-09-25,6,211070,Online Ad,Nevada,858,Harris,50.5,2024-11-05,41,0.9486832980505138,1.1107456605467567
AtlasIntel,2.7,-0.8,2024-09-25,6,211073,Online Ad,Pennsylvania,1775,Harris,48,2024-11-05,41,0.9486832980505138,1.1107456605467567
AtlasIntel,2.7,-0.8,2024-09-25,6,211074,Online Ad,Pennsylvania,1775,Harris,48.1,2024-11-05,41,0.9486832980505138,1.1107456605467567
AtlasIntel,2.7,-0.8,2024-09-25,6,211075,Online Ad,Wisconsin,1077,Harris,48.2,2024-11-05,41,0.9486832980505138,1.1107456605467567
AtlasIntel,2.7,-0.8,2024-09-25,6,211076,Online Ad,Wisconsin,1077,Harris,48.2,2024-11-05,41,0.9486832980505138,1.1107456605467567
AtlasIntel,2.7,-0.8,2024-09-25,6,211071,Online Ad,North Carolina,1173,Harris,50.8,2024-11-05,41,0.9486832980505138,1.1107456605467567
AtlasIntel,2.7,-0.8,2024-09-25,6,211072,Online Ad,North Carolina,1173,Harris,50.5,2024-11-05,41,0.9486832980505138,1.1107456605467567
AtlasIntel,2.7,-0.8,2024-09-25,6,211065,Online Ad,Georgia,1200,Harris,49,2024-11-05,41,0.9486832980505138,1.1107456605467567
AtlasIntel,2.7,-0.8,2024-09-25,6,211066,Online Ad,Georgia,1200,Harris,49,2024-11-05,41,0.9486832980505138,1.1107456605467567
Morning Consult,1.9,-0.3,2024-09-25,3,210916,Online Panel,Arizona,977,Harris,49,2024-11-05,41,0.7958224257542215,0.9317717596470511
Morning Consult,1.9,-0.3,2024-09-25,3,210917,Online Panel,Arizona,977,Harris,50,2024-11-05,41,0.7958224257542215,0.9317717596470511
Morning Consult,1.9,-0.3,2024-09-25,3,210930,Online Panel,Arizona,926,Harris,49,2024-11-05,41,0.7958224257542215,0.9317717596470511
Morning Consult,1.9,-0.3,2024-09-25,3,210931,Online Panel,Arizona,926,Harris,50,2024-11-05,41,0.7958224257542215,0.9317717596470511
Morning Consult,1.9,-0.3,2024-09-25,3,210918,Online Panel,Georgia,989,Harris,48,2024-11-05,41,0.7958224257542215,0.9317717596470511
Morning Consult,1.9,-0.3,2024-09-25,3,210919,Online Panel,Georgia,989,Harris,48,2024-11-05,41,0.7958224257542215,0.9317717596470511
Morning Consult,1.9,-0.3,2024-09-25,3,210932,Online Panel,Georgia,913,Harris,48,2024-11-05,41,0.7958224257542215,0.9317717596470511
Morning Consult,1.9,-0.3,2024-09-25,3,210933,Online Panel,Georgia,913,Harris,49,2024-11-05,41,0.7958224257542215,0.9317717596470511
Morning Consult,1.9,-0.3,2024-09-25,3,210920,Online Panel,Michigan,894,Harris,49,2024-11-05,41,0.7958224257542215,0.9317717596470511
Morning Consult,1.9,-0.3,2024-09-25,3,210921,Online Panel,Michigan,894,Harris,49,2024-11-05,41,0.7958224257542215,0.9317717596470511
Morning Consult,1.9,-0.3,2024-09-25,3,210934,Online Panel,Michigan,800,Harris,50,2024-11-05,41,0.7958224257542215,0.9317717596470511
Morning Consult,1.9,-0.3,2024-09-25,3,210935,Online Panel,Michigan,800,Harris,50,2024-11-05,41,0.7958224257542215,0.9317717596470511
Morning Consult,1.9,-0.3,2024-09-25,3,210922,Online Panel,Nevada,574,Harris,46,2024-11-05,41,0.7958224257542215,0.9317717596470511
Morning Consult,1.9,-0.3,2024-09-25,3,210923,Online Panel,Nevada,574,Harris,49,2024-11-05,41,0.7958224257542215,0.9317717596470511
Morning Consult,1.9,-0.3,2024-09-25,3,210936,Online Panel,Nevada,516,Harris,50,2024-11-05,41,0.7958224257542215,0.9317717596470511
Morning Consult,1.9,-0.3,2024-09-25,3,210937,Online Panel,Nevada,516,Harris,52,2024-11-05,41,0.7958224257542215,0.9317717596470511
Morning Consult,1.9,-0.3,2024-09-25,3,210924,Online Panel,North Carolina,889,Harris,48,2024-11-05,41,0.7958224257542215,0.9317717596470511
Morning Consult,1.9,-0.3,2024-09-25,3,210925,Online Panel,North Carolina,889,Harris,50,2024-11-05,41,0.7958224257542215,0.9317717596470511
Morning Consult,1.9,-0.3,2024-09-25,3,210938,Online Panel,North Carolina,828,Harris,49,2024-11-05,41,0.7958224257542215,0.9317717596470511
Morning Consult,1.9,-0.3,2024-09-25,3,210939,Online Panel,North Carolina,828,Harris,50,2024-11-05,41,0.7958224257542215,0.9317717596470511
Morning Consult,1.9,-0.3,2024-09-25,3,210926,Online Panel,Pennsylvania,993,Harris,50,2024-11-05,41,0.7958224257542215,0.9317717596470511
Morning Consult,1.9,-0.3,2024-09-25,3,210927,Online Panel,Pennsylvania,993,Harris,49,2024-11-05,41,0.7958224257542215,0.9317717596470511
Morning Consult,1.9,-0.3,2024-09-25,3,210940,Online Panel,Pennsylvania,924,Harris,51,2024-11-05,41,0.7958224257542215,0.9317717596470511
Morning Consult,1.9,-0.3,2024-09-25,3,210941,Online Panel,Pennsylvania,924,Harris,51,2024-11-05,41,0.7958224257542215,0.9317717596470511
Morning Consult,1.9,-0.3,2024-09-25,3,210928,Online Panel,Wisconsin,849,Harris,49,2024-11-05,41,0.7958224257542215,0.9317717596470511
Morning Consult,1.9,-0.3,2024-09-25,3,210929,Online Panel,Wisconsin,849,Harris,50,2024-11-05,41,0.7958224257542215,0.9317717596470511
Morning Consult,1.9,-0.3,2024-09-25,3,210942,Online Panel,Wisconsin,785,Harris,50,2024-11-05,41,0.7958224257542215,0.9317717596470511
Morning Consult,1.9,-0.3,2024-09-25,3,210943,Online Panel,Wisconsin,785,Harris,51,2024-11-05,41,0.7958224257542215,0.9317717596470511
Virginia Commonwealth U.,2.1,-0.1,2024-09-25,9,211442,Live Phone/Text-to-Web,Virginia,832,Harris,43,2024-11-05,41,0.8366600265340756,0.9795855958836289
Virginia Commonwealth U.,2.1,-0.1,2024-09-25,9,211443,Live Phone/Text-to-Web,Virginia,762,Harris,47.4,2024-11-05,41,0.8366600265340756,0.9795855958836289
Emerson,2.9,-1.1,2024-09-24,7,210789,Online Panel/Text-to-Web,Texas,950,Harris,46.7,2024-11-05,42,0.983192080250175,1.1511495341659022
Emerson,2.9,-1.1,2024-09-24,7,210790,Online Panel/Text-to-Web,Virginia,860,Harris,52.7,2024-11-05,42,0.983192080250175,1.1511495341659022
YouGov,3,-1.1,2024-09-24,9,210760,Online Panel,Georgia,1441,Harris,49,2024-11-05,42,1,1.170828729491993
Beacon/Shaw,2.8,-1.1,2024-09-24,9,210903,Live Phone/Text-to-Web,Arizona,1021,Harris,47,2024-11-05,42,0.9660917830792959,1.1311280149553862
Beacon/Shaw,2.8,-1.1,2024-09-24,9,210904,Live Phone/Text-to-Web,Arizona,764,Harris,47,2024-11-05,42,0.9660917830792959,1.1311280149553862
Beacon/Shaw,2.8,-1.1,2024-09-24,9,210905,Live Phone/Text-to-Web,Arizona,1021,Harris,48,2024-11-05,42,0.9660917830792959,1.1311280149553862
Beacon/Shaw,2.8,-1.1,2024-09-24,9,210906,Live Phone/Text-to-Web,Arizona,764,Harris,48,2024-11-05,42,0.9660917830792959,1.1311280149553862
Beacon/Shaw,2.8,-1.1,2024-09-24,9,210907,Live Phone/Text-to-Web,Georgia,1006,Harris,49,2024-11-05,42,0.9660917830792959,1.1311280149553862
Beacon/Shaw,2.8,-1.1,2024-09-24,9,210908,Live Phone/Text-to-Web,Georgia,707,Harris,50,2024-11-05,42,0.9660917830792959,1.1311280149553862
Beacon/Shaw,2.8,-1.1,2024-09-24,9,210909,Live Phone/Text-to-Web,Georgia,1006,Harris,51,2024-11-05,42,0.9660917830792959,1.1311280149553862
Beacon/Shaw,2.8,-1.1,2024-09-24,9,210910,Live Phone/Text-to-Web,Georgia,707,Harris,51,2024-11-05,42,0.9660917830792959,1.1311280149553862
Beacon/Shaw,2.8,-1.1,2024-09-24,9,211015,Live Phone/Text-to-Web,North Carolina,787,Harris,47,2024-11-05,42,0.9660917830792959,1.1311280149553862
Beacon/Shaw,2.8,-1.1,2024-09-24,9,211016,Live Phone/Text-to-Web,North Carolina,991,Harris,48,2024-11-05,42,0.9660917830792959,1.1311280149553862
Beacon/Shaw,2.8,-1.1,2024-09-24,9,211017,Live Phone/Text-to-Web,North Carolina,787,Harris,49,2024-11-05,42,0.9660917830792959,1.1311280149553862
Beacon/Shaw,2.8,-1.1,2024-09-24,9,211018,Live Phone/Text-to-Web,North Carolina,991,Harris,50,2024-11-05,42,0.9660917830792959,1.1311280149553862
Beacon/Shaw,2.8,-1.1,2024-09-24,9,211019,Live Phone/Text-to-Web,Pennsylvania,775,Harris,47,2024-11-05,42,0.9660917830792959,1.1311280149553862
Beacon/Shaw,2.8,-1.1,2024-09-24,9,211020,Live Phone/Text-to-Web,Pennsylvania,1021,Harris,48,2024-11-05,42,0.9660917830792959,1.1311280149553862
Beacon/Shaw,2.8,-1.1,2024-09-24,9,211021,Live Phone/Text-to-Web,Pennsylvania,775,Harris,49,2024-11-05,42,0.9660917830792959,1.1311280149553862
Beacon/Shaw,2.8,-1.1,2024-09-24,9,211022,Live Phone/Text-to-Web,Pennsylvania,1021,Harris,50,2024-11-05,42,0.9660917830792959,1.1311280149553862
Marist,2.9,-0.9,2024-09-24,9,210782,Live Phone/Online Panel/Text-to-Web,Arizona,1416,Harris,48,2024-11-05,42,0.983192080250175,1.1511495341659022
Marist,2.9,-0.9,2024-09-24,9,210783,Live Phone/Online Panel/Text-to-Web,Arizona,1264,Harris,49,2024-11-05,42,0.983192080250175,1.1511495341659022
Marist,2.9,-0.9,2024-09-24,9,210787,Live Phone/Online Panel/Text-to-Web,North Carolina,1507,Harris,49,2024-11-05,42,0.983192080250175,1.1511495341659022
Marist,2.9,-0.9,2024-09-24,9,210788,Live Phone/Online Panel/Text-to-Web,North Carolina,1348,Harris,49,2024-11-05,42,0.983192080250175,1.1511495341659022
Marist,2.9,-0.9,2024-09-24,9,210785,Live Phone/Online Panel/Text-to-Web,Georgia,1420,Harris,49,2024-11-05,42,0.983192080250175,1.1511495341659022
Marist,2.9,-0.9,2024-09-24,9,210786,Live Phone/Online Panel/Text-to-Web,Georgia,1220,Harris,49,2024-11-05,42,0.983192080250175,1.1511495341659022
Suffolk,2.9,-1,2024-09-24,8,210964,Live Phone,Arizona,500,Harris,42.4,2024-11-05,42,0.983192080250175,1.1511495341659022
Fabrizio/Impact,1.7,-0.3,2024-09-24,2,211141,Live Phone/Text-to-Web,Pennsylvania,600,Harris,49,2024-11-05,42,0.752772652709081,0.8813678485676907
Fabrizio/Impact,1.7,-0.3,2024-09-24,2,211142,Live Phone/Text-to-Web,Pennsylvania,600,Harris,50,2024-11-05,42,0.752772652709081,0.8813678485676907
SurveyUSA,2.8,-1.3,2024-09-23,8,210620,IVR/Online Panel/Text-to-Web,Nebraska,558,Harris,40,2024-11-05,43,0.9660917830792959,1.1311280149553862
University of Maryland/Washington Post,2.5,-0.3,2024-09-23,8,210778,Live Phone/Text-to-Web,Maryland,1012,Harris,63,2024-11-05,43,0.9128709291752769,1.0688155101964647
University of Maryland/Washington Post,2.5,-0.3,2024-09-23,8,210779,Live Phone/Text-to-Web,Maryland,1012,Harris,64,2024-11-05,43,0.9128709291752769,1.0688155101964647
University of Maryland/Washington Post,2.5,-0.3,2024-09-23,8,210780,Live Phone/Text-to-Web,Maryland,1012,Harris,61,2024-11-05,43,0.9128709291752769,1.0688155101964647
University of Maryland/Washington Post,2.5,-0.3,2024-09-23,8,210781,Live Phone/Text-to-Web,Maryland,1012,Harris,62,2024-11-05,43,0.9128709291752769,1.0688155101964647
RMG Research,2.3,-0.4,2024-09-23,5,210853,Online Panel,Wisconsin,788,Harris,50,2024-11-05,43,0.8755950357709131,1.0251718232811544
Siena/NYT,3,-1.5,2024-09-21,9,210332,Live Phone,Arizona,713,Harris,45,2024-11-05,45,1,1.170828729491993
Siena/NYT,3,-1.5,2024-09-21,9,210333,Live Phone,Arizona,713,Harris,45,2024-11-05,45,1,1.170828729491993
Siena/NYT,3,-1.5,2024-09-21,9,210334,Live Phone,Arizona,713,Harris,42,2024-11-05,45,1,1.170828729491993
Siena/NYT,3,-1.5,2024-09-21,9,210335,Live Phone,Arizona,713,Harris,43,2024-11-05,45,1,1.170828729491993
Siena/NYT,3,-1.5,2024-09-21,9,210336,Live Phone,Georgia,682,Harris,44,2024-11-05,45,1,1.170828729491993
Siena/NYT,3,-1.5,2024-09-21,9,210337,Live Phone,Georgia,682,Harris,45,2024-11-05,45,1,1.170828729491993
Siena/NYT,3,-1.5,2024-09-21,9,210338,Live Phone,Georgia,682,Harris,43,2024-11-05,45,1,1.170828729491993
Siena/NYT,3,-1.5,2024-09-21,9,210339,Live Phone,Georgia,682,Harris,44,2024-11-05,45,1,1.170828729491993
Siena/NYT,3,-1.5,2024-09-21,9,210340,Live Phone,North Carolina,682,Harris,47,2024-11-05,45,1,1.170828729491993
Siena/NYT,3,-1.5,2024-09-21,9,210341,Live Phone,North Carolina,682,Harris,47,2024-11-05,45,1,1.170828729491993
Siena/NYT,3,-1.5,2024-09-21,9,210342,Live Phone,North Carolina,682,Harris,46,2024-11-05,45,1,1.170828729491993
Siena/NYT,3,-1.5,2024-09-21,9,210343,Live Phone,North Carolina,682,Harris,45,2024-11-05,45,1,1.170828729491993
RMG Research,2.3,-0.4,2024-09-20,5,210548,Online Panel,Ohio,781,Harris,43,2024-11-05,46,0.8755950357709131,1.0251718232811544
Meredith College,1.6,0.3,2024-09-20,8,210982,Online Panel,North Carolina,802,Harris,48,2024-11-05,46,0.7302967433402214,0.8550524081571717
Embold Research,1.4,0.6,2024-09-20,6,211121,Text-to-Web/Online Ad,Rhode Island,876,Harris,52,2024-11-05,46,0.6831300510639732,0.7998282897650321
Redfield & Wilton Strategies,1.8,0.4,2024-09-19,9,210377,Online Panel,Arizona,789,Harris,47,2024-11-05,47,0.7745966692414834,0.9069200341167356
Redfield & Wilton Strategies,1.8,0.4,2024-09-19,9,210378,Online Panel,Florida,1602,Harris,45,2024-11-05,47,0.7745966692414834,0.9069200341167356
Redfield & Wilton Strategies,1.8,0.4,2024-09-19,9,210380,Online Panel,Michigan,993,Harris,46,2024-11-05,47,0.7745966692414834,0.9069200341167356
Redfield & Wilton Strategies,1.8,0.4,2024-09-19,9,210381,Online Panel,Minnesota,703,Harris,50,2024-11-05,47,0.7745966692414834,0.9069200341167356
Redfield & Wilton Strategies,1.8,0.4,2024-09-19,9,210382,Online Panel,Nevada,652,Harris,45,2024-11-05,47,0.7745966692414834,0.9069200341167356
Redfield & Wilton Strategies,1.8,0.4,2024-09-19,9,210384,Online Panel,Pennsylvania,1086,Harris,47,2024-11-05,47,0.7745966692414834,0.9069200341167356
Redfield & Wilton Strategies,1.8,0.4,2024-09-19,9,210385,Online Panel,Wisconsin,600,Harris,47,2024-11-05,47,0.7745966692414834,0.9069200341167356
Redfield & Wilton Strategies,1.8,0.4,2024-09-19,9,210379,Online Panel,Georgia,1043,Harris,46,2024-11-05,47,0.7745966692414834,0.9069200341167356
Redfield & Wilton Strategies,1.8,0.4,2024-09-19,9,210383,Online Panel,North Carolina,868,Harris,47,2024-11-05,47,0.7745966692414834,0.9069200341167356
Muhlenberg,2.8,-1,2024-09-19,8,210621,Live Phone,Pennsylvania,450,Harris,48,2024-11-05,47,0.9660917830792959,1.1311280149553862
Tarrance,1.6,-0.4,2024-09-19,1,211604,Live Phone,Nevada,600,Harris,47,2024-11-05,47,0.7302967433402214,0.8550524081571717
RMG Research,2.3,-0.4,2024-09-19,5,210386,Online Panel,Montana,491,Harris,38,2024-11-05,47,0.8755950357709131,1.0251718232811544
University of Massachusetts Lowell/YouGov,2.9,-1,2024-09-19,9,210793,Online Panel,Michigan,650,Harris,48,2024-11-05,47,0.983192080250175,1.1511495341659022
University of Massachusetts Lowell/YouGov,2.9,-1,2024-09-19,9,210794,Online Panel,Pennsylvania,800,Harris,48,2024-11-05,47,0.983192080250175,1.1511495341659022
Victory Insights,1.3,0.1,2024-09-18,1,210159,IVR/Text-to-Web,North Carolina,600,Harris,44.9,2024-11-05,48,0.6582805886043833,0.7707338252049115
TIPP,1.8,-0.4,2024-09-18,3,210230,Online Panel,Georgia,1046,Harris,47.5,2024-11-05,48,0.7745966692414834,0.9069200341167356
TIPP,1.8,-0.4,2024-09-18,3,210231,Online Panel,Georgia,835,Harris,47.6,2024-11-05,48,0.7745966692414834,0.9069200341167356
TIPP,1.8,-0.4,2024-09-18,3,210232,Online Panel,Georgia,1046,Harris,46.4,2024-11-05,48,0.7745966692414834,0.9069200341167356
TIPP,1.8,-0.4,2024-09-18,3,210233,Online Panel,Georgia,835,Harris,47.8,2024-11-05,48,0.7745966692414834,0.9069200341167356
Mason-Dixon,2.6,-1.1,2024-09-18,6,210344,Live Phone,Minnesota,800,Harris,48,2024-11-05,48,0.9309493362512627,1.0899822285844802
Suffolk,2.9,-1,2024-09-18,8,210415,Live Phone,Michigan,500,Harris,47.6,2024-11-05,48,0.983192080250175,1.1511495341659022
Emerson,2.9,-1.1,2024-09-18,7,210076,IVR/Online Panel/Text-to-Web,Arizona,868,Harris,48.7,2024-11-05,48,0.983192080250175,1.1511495341659022
Emerson,2.9,-1.1,2024-09-18,7,210077,IVR/Online Panel/Text-to-Web,Georgia,975,Harris,48.2,2024-11-05,48,0.983192080250175,1.1511495341659022
Emerson,2.9,-1.1,2024-09-18,7,210078,IVR/Online Panel/Text-to-Web,Michigan,875,Harris,50,2024-11-05,48,0.983192080250175,1.1511495341659022
Emerson,2.9,-1.1,2024-09-18,7,210079,IVR/Online Panel/Text-to-Web,Nevada,895,Harris,48.8,2024-11-05,48,0.983192080250175,1.1511495341659022
Emerson,2.9,-1.1,2024-09-18,7,210080,IVR/Online Panel/Text-to-Web,Pennsylvania,880,Harris,49.6,2024-11-05,48,0.983192080250175,1.1511495341659022
Emerson,2.9,-1.1,2024-09-18,7,210081,IVR/Online Panel/Text-to-Web,North Carolina,1000,Harris,49.7,2024-11-05,48,0.983192080250175,1.1511495341659022
Emerson,2.9,-1.1,2024-09-18,7,210082,IVR/Online Panel/Text-to-Web,Wisconsin,1000,Harris,48.7,2024-11-05,48,0.983192080250175,1.1511495341659022
MassINC Polling Group,2.8,-0.8,2024-09-18,7,210290,Live Phone/Text-to-Web,Pennsylvania,800,Harris,50,2024-11-05,48,0.9660917830792959,1.1311280149553862
MassINC Polling Group,2.8,-0.8,2024-09-18,7,210291,Live Phone/Text-to-Web,Pennsylvania,800,Harris,52,2024-11-05,48,0.9660917830792959,1.1311280149553862
MassINC Polling Group,2.8,-0.8,2024-09-18,7,210330,Live Phone/Text-to-Web,Massachusetts,800,Harris,60,2024-11-05,48,0.9660917830792959,1.1311280149553862
MassINC Polling Group,2.8,-0.8,2024-09-18,7,210331,Live Phone/Text-to-Web,Massachusetts,800,Harris,63,2024-11-05,48,0.9660917830792959,1.1311280149553862
SurveyUSA,2.8,-1.3,2024-09-18,8,210414,Online Panel,New Mexico,619,Harris,50,2024-11-05,48,0.9660917830792959,1.1311280149553862
MassINC Polling Group,2.8,-0.8,2024-09-18,7,210360,Live Phone/Text-to-Web,Wisconsin,800,Harris,51,2024-11-05,48,0.9660917830792959,1.1311280149553862
MassINC Polling Group,2.8,-0.8,2024-09-18,7,210361,Live Phone/Text-to-Web,Wisconsin,800,Harris,53,2024-11-05,48,0.9660917830792959,1.1311280149553862
MassINC Polling Group,2.8,-0.8,2024-09-18,7,210387,Live Phone/Text-to-Web,Connecticut,800,Harris,53,2024-11-05,48,0.9660917830792959,1.1311280149553862
MassINC Polling Group,2.8,-0.8,2024-09-18,7,210413,Live Phone/Text-to-Web,Rhode Island,800,Harris,53,2024-11-05,48,0.9660917830792959,1.1311280149553862
MassINC Polling Group,2.8,-0.8,2024-09-18,7,210422,Live Phone/Text-to-Web,Rhode Island,800,Harris,56,2024-11-05,48,0.9660917830792959,1.1311280149553862
Morning Consult,1.9,-0.3,2024-09-18,3,210216,Online Panel,Arizona,862,Harris,48.37,2024-11-05,48,0.7958224257542215,0.9317717596470511
Morning Consult,1.9,-0.3,2024-09-18,3,210218,Online Panel,Florida,2948,Harris,46.8,2024-11-05,48,0.7958224257542215,0.9317717596470511
Morning Consult,1.9,-0.3,2024-09-18,3,210220,Online Panel,Maryland,578,Harris,61.41,2024-11-05,48,0.7958224257542215,0.9317717596470511
Morning Consult,1.9,-0.3,2024-09-18,3,210221,Online Panel,Michigan,1297,Harris,51.97,2024-11-05,48,0.7958224257542215,0.9317717596470511
Morning Consult,1.9,-0.3,2024-09-18,3,210223,Online Panel,Nevada,474,Harris,50.87,2024-11-05,48,0.7958224257542215,0.9317717596470511
Morning Consult,1.9,-0.3,2024-09-18,3,210225,Online Panel,Ohio,1488,Harris,43.02,2024-11-05,48,0.7958224257542215,0.9317717596470511
Morning Consult,1.9,-0.3,2024-09-18,3,210226,Online Panel,Pennsylvania,1756,Harris,48.74,2024-11-05,48,0.7958224257542215,0.9317717596470511
Morning Consult,1.9,-0.3,2024-09-18,3,210227,Online Panel,Texas,2716,Harris,45.77,2024-11-05,48,0.7958224257542215,0.9317717596470511
Morning Consult,1.9,-0.3,2024-09-18,3,210229,Online Panel,Wisconsin,600,Harris,50.22,2024-11-05,48,0.7958224257542215,0.9317717596470511
Morning Consult,1.9,-0.3,2024-09-18,3,210224,Online Panel,North Carolina,1314,Harris,49.33,2024-11-05,48,0.7958224257542215,0.9317717596470511
Morning Consult,1.9,-0.3,2024-09-18,3,210217,Online Panel,Colorado,512,Harris,52.5,2024-11-05,48,0.7958224257542215,0.9317717596470511
Morning Consult,1.9,-0.3,2024-09-18,3,210219,Online Panel,Georgia,1347,Harris,47.68,2024-11-05,48,0.7958224257542215,0.9317717596470511
Morning Consult,1.9,-0.3,2024-09-18,3,210222,Online Panel,Minnesota,517,Harris,49.56,2024-11-05,48,0.7958224257542215,0.9317717596470511
Morning Consult,1.9,-0.3,2024-09-18,3,210228,Online Panel,Virginia,899,Harris,50.76,2024-11-05,48,0.7958224257542215,0.9317717596470511
PPP,1.4,0,2024-09-17,4,210065,IVR/Text,Maryland,543,Harris,64,2024-11-05,49,0.6831300510639732,0.7998282897650321
Marist,2.9,-0.9,2024-09-17,7,210070,Live Phone/Online Panel/Text-to-Web,Pennsylvania,1663,Harris,49,2024-11-05,49,0.983192080250175,1.1511495341659022
Marist,2.9,-0.9,2024-09-17,7,210071,Live Phone/Online Panel/Text-to-Web,Pennsylvania,1476,Harris,49,2024-11-05,49,0.983192080250175,1.1511495341659022
Marist,2.9,-0.9,2024-09-17,7,210072,Live Phone/Online Panel/Text-to-Web,Wisconsin,1312,Harris,50,2024-11-05,49,0.983192080250175,1.1511495341659022
Marist,2.9,-0.9,2024-09-17,7,210073,Live Phone/Online Panel/Text-to-Web,Wisconsin,1194,Harris,50,2024-11-05,49,0.983192080250175,1.1511495341659022
Marist,2.9,-0.9,2024-09-17,7,210074,Live Phone/Online Panel/Text-to-Web,Michigan,1282,Harris,50,2024-11-05,49,0.983192080250175,1.1511495341659022
Marist,2.9,-0.9,2024-09-17,7,210075,Live Phone/Online Panel/Text-to-Web,Michigan,1138,Harris,52,2024-11-05,49,0.983192080250175,1.1511495341659022
Cygnal,2.1,-1.1,2024-09-16,4,210091,Live Phone/Text-to-Web,North Carolina,600,Harris,45.3,2024-11-05,50,0.8366600265340756,0.9795855958836289
Quinnipiac,2.8,-0.5,2024-09-16,9,209902,Live Phone,Pennsylvania,1331,Harris,51,2024-11-05,50,0.9660917830792959,1.1311280149553862
Quinnipiac,2.8,-0.5,2024-09-16,9,209905,Live Phone,Pennsylvania,1331,Harris,51,2024-11-05,50,0.9660917830792959,1.1311280149553862
Quinnipiac,2.8,-0.5,2024-09-16,9,209903,Live Phone,Michigan,905,Harris,50,2024-11-05,50,0.9660917830792959,1.1311280149553862
Quinnipiac,2.8,-0.5,2024-09-16,9,209906,Live Phone,Michigan,905,Harris,51,2024-11-05,50,0.9660917830792959,1.1311280149553862
Quinnipiac,2.8,-0.5,2024-09-16,9,209904,Live Phone,Wisconsin,1075,Harris,48,2024-11-05,50,0.9660917830792959,1.1311280149553862
Quinnipiac,2.8,-0.5,2024-09-16,9,209907,Live Phone,Wisconsin,1075,Harris,49,2024-11-05,50,0.9660917830792959,1.1311280149553862
U. New Hampshire,2.6,-0.3,2024-09-16,10,209936,Probability Panel,Rhode Island,683,Harris,58,2024-11-05,50,0.9309493362512627,1.0899822285844802
U. New Hampshire,2.6,-0.3,2024-09-16,10,209937,Probability Panel,Massachusetts,564,Harris,62,2024-11-05,50,0.9309493362512627,1.0899822285844802
U. New Hampshire,2.6,-0.3,2024-09-16,10,209938,Probability Panel,New Hampshire,1695,Harris,54,2024-11-05,50,0.9309493362512627,1.0899822285844802
The Washington Post,3,-1.2,2024-09-16,9,210066,Live Phone/Text-to-Web,Pennsylvania,1003,Harris,48,2024-11-05,50,1,1.170828729491993
The Washington Post,3,-1.2,2024-09-16,9,210067,Live Phone/Text-to-Web,Pennsylvania,1003,Harris,48,2024-11-05,50,1,1.170828729491993
Siena,2.7,-0.8,2024-09-16,7,210092,Live Phone/Text-to-Web,New York,1003,Harris,52,2024-11-05,50,0.9486832980505138,1.1107456605467567
Siena,2.7,-0.8,2024-09-16,7,210093,Live Phone/Text-to-Web,New York,1003,Harris,55,2024-11-05,50,0.9486832980505138,1.1107456605467567
Siena/NYT,3,-1.5,2024-09-16,9,210087,Live Phone,Pennsylvania,1082,Harris,50,2024-11-05,50,1,1.170828729491993
Siena/NYT,3,-1.5,2024-09-16,9,210088,Live Phone,Pennsylvania,1082,Harris,50,2024-11-05,50,1,1.170828729491993
Siena/NYT,3,-1.5,2024-09-16,9,210089,Live Phone,Pennsylvania,1082,Harris,48,2024-11-05,50,1,1.170828729491993
Siena/NYT,3,-1.5,2024-09-16,9,210090,Live Phone,Pennsylvania,1082,Harris,49,2024-11-05,50,1,1.170828729491993
Noble Predictive Insights,2.4,-0.4,2024-09-16,6,210424,Online Panel/Text-to-Web,Nevada,692,Harris,48,2024-11-05,50,0.8944271909999159,1.0472210516615237
Noble Predictive Insights,2.4,-0.4,2024-09-16,6,210425,Online Panel/Text-to-Web,Nevada,812,Harris,48,2024-11-05,50,0.8944271909999159,1.0472210516615237
Noble Predictive Insights,2.4,-0.4,2024-09-16,6,210426,Online Panel/Text-to-Web,Nevada,692,Harris,47,2024-11-05,50,0.8944271909999159,1.0472210516615237
Noble Predictive Insights,2.4,-0.4,2024-09-16,6,210427,Online Panel/Text-to-Web,Nevada,812,Harris,46,2024-11-05,50,0.8944271909999159,1.0472210516615237
InsiderAdvantage,2,-0.3,2024-09-15,5,209625,Text,Pennsylvania,800,Harris,48.4,2024-11-05,51,0.816496580927726,0.9559776544821658
Trafalgar Group,0.7,0.6,2024-09-15,4,209626,IVR/Live Phone/Text/Online Panel/Email,Georgia,1098,Harris,44.5,2024-11-05,51,0.48304589153964794,0.5655640074776931
U. Georgia SPIA,2.2,-0.2,2024-09-15,7,209847,Live Phone,Georgia,1000,Harris,44.4,2024-11-05,51,0.8563488385776753,1.0026378226738435
Pan Atlantic Research,2.1,-0.1,2024-09-15,7,209939,Online Panel,Maine,812,Harris,50,2024-11-05,51,0.8366600265340756,0.9795855958836289
Pan Atlantic Research,2.1,-0.1,2024-09-15,7,209940,Online Panel,Maine CD-1,414,Harris,58,2024-11-05,51,0.8366600265340756,0.9795855958836289
Pan Atlantic Research,2.1,-0.1,2024-09-15,7,209941,Online Panel,Maine CD-2,398,Harris,42,2024-11-05,51,0.8366600265340756,0.9795855958836289
Franklin and Marshall College,2.4,-0.1,2024-09-15,8.5,210068,Mail-to-Web/Mail-to-Phone,Pennsylvania,890,Harris,49,2024-11-05,51,0.8944271909999159,1.0472210516615237
Suffolk,2.9,-1,2024-09-14,8,209630,Live Phone,Pennsylvania,500,Harris,48.6,2024-11-05,52,0.983192080250175,1.1511495341659022
Fabrizio/Impact,1.7,-0.3,2024-09-14,2,209896,Live Phone,Wisconsin,600,Harris,48,2024-11-05,52,0.752772652709081,0.8813678485676907
Fabrizio/Impact,1.7,-0.3,2024-09-14,2,209897,Live Phone,Wisconsin,600,Harris,49,2024-11-05,52,0.752772652709081,0.8813678485676907
Keating Research,1.5,0.1,2024-09-14,3,210759,Live Phone/Text-to-Web,Colorado,500,Harris,53,2024-11-05,52,0.7071067811865476,0.8279009342318182
Emerson,2.9,-1.1,2024-09-13,7,209627,Online Panel/Text-to-Web,Maryland,890,Harris,65.3,2024-11-05,53,0.983192080250175,1.1511495341659022
Emerson,2.9,-1.1,2024-09-13,7,209628,Online Panel/Text-to-Web,Missouri,850,Harris,43.4,2024-11-05,53,0.983192080250175,1.1511495341659022
Emerson,2.9,-1.1,2024-09-13,7,209629,Online Panel/Text-to-Web,Indiana,1000,Harris,40.7,2024-11-05,53,0.983192080250175,1.1511495341659022
TIPP,1.8,-0.4,2024-09-13,3,209377,Online Panel,North Carolina,973,Harris,45.9,2024-11-05,53,0.7745966692414834,0.9069200341167356
Trafalgar Group,0.7,0.6,2024-09-13,4,209533,IVR/Live Phone/Text/Online Panel/Email,Nevada,1079,Harris,45.3,2024-11-05,53,0.48304589153964794,0.5655640074776931
Change Research,1.4,0.6,2024-09-13,5,209817,Text-to-Web/Online Ad,Missouri,1237,Harris,41,2024-11-05,53,0.6831300510639732,0.7998282897650321
Research & Polling,2.1,-0.9,2024-09-13,3.5,209513,Live Phone,New Mexico,532,Harris,49,2024-11-05,53,0.8366600265340756,0.9795855958836289
Elon U.,2.5,-0.6,2024-09-13,8,210420,Online Panel,North Carolina,800,Harris,46,2024-11-05,53,0.9128709291752769,1.0688155101964647
InsiderAdvantage,2,-0.3,2024-09-12,5,209238,Text,Michigan,800,Harris,48,2024-11-05,54,0.816496580927726,0.9559776544821658
St. Anselm,2.4,-0.5,2024-09-12,6,209329,Online Panel,New Hampshire,2241,Harris,51,2024-11-05,54,0.8944271909999159,1.0472210516615237
St. Anselm,2.4,-0.5,2024-09-12,6,209586,Online Panel,New Hampshire,2241,Harris,51,2024-11-05,54,0.8944271909999159,1.0472210516615237
Alaska Survey Research,1.9,-0.1,2024-09-12,7,209346,Online Panel,Alaska,1254,Harris,42,2024-11-05,54,0.7958224257542215,0.9317717596470511
Trafalgar Group,0.7,0.6,2024-09-12,4,209351,IVR/Live Phone/Text/Online Panel/Email,North Carolina,1094,Harris,46,2024-11-05,54,0.48304589153964794,0.5655640074776931
Trafalgar Group,0.7,0.6,2024-09-12,4,209428,IVR/Live Phone/Text/Online Panel/Email,Arizona,1088,Harris,45.5,2024-11-05,54,0.48304589153964794,0.5655640074776931
Mitchell,2.4,-0.2,2024-09-11,7,209316,IVR/Text-to-Web,Michigan,580,Harris,48,2024-11-05,55,0.8944271909999159,1.0472210516615237
Mitchell,2.4,-0.2,2024-09-11,7,209317,IVR/Text-to-Web,Michigan,580,Harris,47,2024-11-05,55,0.8944271909999159,1.0472210516615237
Selzer,2.8,-1.2,2024-09-11,7.5,209514,Live Phone,Iowa,656,Harris,43,2024-11-05,55,0.9660917830792959,1.1311280149553862
Data Orbital,2.9,-0.9,2024-09-09,10,209816,Live Phone/Text-to-Web,Arizona,550,Harris,46,2024-11-05,57,0.983192080250175,1.1511495341659022
Redfield & Wilton Strategies,1.8,0.4,2024-09-09,9,208779,Online Panel,North Carolina,495,Harris,45,2024-11-05,57,0.7745966692414834,0.9069200341167356
Redfield & Wilton Strategies,1.8,0.4,2024-09-09,9,208772,Online Panel,Arizona,765,Harris,46,2024-11-05,57,0.7745966692414834,0.9069200341167356
Redfield & Wilton Strategies,1.8,0.4,2024-09-09,9,208773,Online Panel,Florida,1465,Harris,44,2024-11-05,57,0.7745966692414834,0.9069200341167356
Redfield & Wilton Strategies,1.8,0.4,2024-09-09,9,208774,Online Panel,Georgia,562,Harris,47,2024-11-05,57,0.7745966692414834,0.9069200341167356
Redfield & Wilton Strategies,1.8,0.4,2024-09-09,9,208775,Online Panel,Michigan,556,Harris,48,2024-11-05,57,0.7745966692414834,0.9069200341167356
Redfield & Wilton Strategies,1.8,0.4,2024-09-09,9,208776,Online Panel,Minnesota,617,Harris,51,2024-11-05,57,0.7745966692414834,0.9069200341167356
Redfield & Wilton Strategies,1.8,0.4,2024-09-09,9,208777,Online Panel,Nevada,698,Harris,45,2024-11-05,57,0.7745966692414834,0.9069200341167356
Redfield & Wilton Strategies,1.8,0.4,2024-09-09,9,208778,Online Panel,New Mexico,521,Harris,49,2024-11-05,57,0.7745966692414834,0.9069200341167356
Redfield & Wilton Strategies,1.8,0.4,2024-09-09,9,208780,Online Panel,Pennsylvania,801,Harris,45,2024-11-05,57,0.7745966692414834,0.9069200341167356
Redfield & Wilton Strategies,1.8,0.4,2024-09-09,9,208781,Online Panel,Wisconsin,626,Harris,49,2024-11-05,57,0.7745966692414834,0.9069200341167356
CWS Research,1.6,0.2,2024-09-09,6,211605,Text-to-Web,Texas,504,Harris,41,2024-11-05,57,0.7302967433402214,0.8550524081571717
Research America,0.7,1.7,2024-09-09,4,210241,Live Phone/Online Panel,Virginia,1000,Harris,44,2024-11-05,57,0.48304589153964794,0.5655640074776931
Research America,0.7,1.7,2024-09-09,4,210242,Live Phone/Online Panel,Virginia,756,Harris,47,2024-11-05,57,0.48304589153964794,0.5655640074776931
Research America,0.7,1.7,2024-09-09,4,210243,Live Phone/Online Panel,Virginia,1000,Harris,45,2024-11-05,57,0.48304589153964794,0.5655640074776931
Research America,0.7,1.7,2024-09-09,4,210244,Live Phone/Online Panel,Virginia,756,Harris,48,2024-11-05,57,0.48304589153964794,0.5655640074776931
PPIC,2.5,-0.4,2024-09-09,10,210069,Probability Panel,California,1071,Harris,60,2024-11-05,57,0.9128709291752769,1.0688155101964647
Quinnipiac,2.8,-0.5,2024-09-08,9,208325,Live Phone,North Carolina,940,Harris,49,2024-11-05,58,0.9660917830792959,1.1311280149553862
Quinnipiac,2.8,-0.5,2024-09-08,9,208327,Live Phone,North Carolina,940,Harris,50,2024-11-05,58,0.9660917830792959,1.1311280149553862
Quinnipiac,2.8,-0.5,2024-09-08,9,208324,Live Phone,Georgia,969,Harris,45,2024-11-05,58,0.9660917830792959,1.1311280149553862
Quinnipiac,2.8,-0.5,2024-09-08,9,208326,Live Phone,Georgia,969,Harris,46,2024-11-05,58,0.9660917830792959,1.1311280149553862
Washington Post/George Mason University,2.7,-0.8,2024-09-08,9,208348,Live Phone/Text-to-Web,Virginia,1005,Harris,50,2024-11-05,58,0.9486832980505138,1.1107456605467567
Washington Post/George Mason University,2.7,-0.8,2024-09-08,9,208349,Live Phone/Text-to-Web,Virginia,1005,Harris,51,2024-11-05,58,0.9486832980505138,1.1107456605467567
Washington Post/George Mason University,2.7,-0.8,2024-09-08,9,208350,Live Phone/Text-to-Web,Virginia,1005,Harris,49,2024-11-05,58,0.9486832980505138,1.1107456605467567
Washington Post/George Mason University,2.7,-0.8,2024-09-08,9,208351,Live Phone/Text-to-Web,Virginia,1005,Harris,51,2024-11-05,58,0.9486832980505138,1.1107456605467567
Embold Research,1.4,0.6,2024-09-08,6,209308,Text-to-Web/Online Ad,Minnesota,1616,Harris,48.8,2024-11-05,58,0.6831300510639732,0.7998282897650321
Morning Consult,1.9,-0.3,2024-09-08,3,208310,Online Panel,Arizona,901,Harris,46.89,2024-11-05,58,0.7958224257542215,0.9317717596470511
Morning Consult,1.9,-0.3,2024-09-08,3,208312,Online Panel,Florida,3182,Harris,47.05,2024-11-05,58,0.7958224257542215,0.9317717596470511
Morning Consult,1.9,-0.3,2024-09-08,3,208314,Online Panel,Maryland,640,Harris,62.23,2024-11-05,58,0.7958224257542215,0.9317717596470511
Morning Consult,1.9,-0.3,2024-09-08,3,208315,Online Panel,Michigan,1368,Harris,49.19,2024-11-05,58,0.7958224257542215,0.9317717596470511
Morning Consult,1.9,-0.3,2024-09-08,3,208317,Online Panel,Nevada,516,Harris,47.58,2024-11-05,58,0.7958224257542215,0.9317717596470511
Morning Consult,1.9,-0.3,2024-09-08,3,208319,Online Panel,Ohio,1558,Harris,43.58,2024-11-05,58,0.7958224257542215,0.9317717596470511
Morning Consult,1.9,-0.3,2024-09-08,3,208320,Online Panel,Pennsylvania,1910,Harris,49.34,2024-11-05,58,0.7958224257542215,0.9317717596470511
Morning Consult,1.9,-0.3,2024-09-08,3,208321,Online Panel,Texas,2940,Harris,43.43,2024-11-05,58,0.7958224257542215,0.9317717596470511
Morning Consult,1.9,-0.3,2024-09-08,3,208323,Online Panel,Wisconsin,638,Harris,49.48,2024-11-05,58,0.7958224257542215,0.9317717596470511
Morning Consult,1.9,-0.3,2024-09-08,3,208318,Online Panel,North Carolina,1369,Harris,48.22,2024-11-05,58,0.7958224257542215,0.9317717596470511
Morning Consult,1.9,-0.3,2024-09-08,3,208311,Online Panel,Colorado,498,Harris,54.8,2024-11-05,58,0.7958224257542215,0.9317717596470511
Morning Consult,1.9,-0.3,2024-09-08,3,208313,Online Panel,Georgia,1405,Harris,48.39,2024-11-05,58,0.7958224257542215,0.9317717596470511
Morning Consult,1.9,-0.3,2024-09-08,3,208316,Online Panel,Minnesota,501,Harris,50.92,2024-11-05,58,0.7958224257542215,0.9317717596470511
Morning Consult,1.9,-0.3,2024-09-08,3,208322,Online Panel,Virginia,873,Harris,51.97,2024-11-05,58,0.7958224257542215,0.9317717596470511
SurveyUSA,2.8,-1.3,2024-09-07,8,208275,Online Panel,North Carolina,676,Harris,49,2024-11-05,59,0.9660917830792959,1.1311280149553862
Hendrix College,0.9,0.6,2024-09-06,4,209314,Text,Arkansas,696,Harris,40,2024-11-05,60,0.5477225575051661,0.6412893061178787
co/efficient,1.1,0.3,2024-09-06,5,209113,IVR/Text,Michigan,931,Harris,47,2024-11-05,60,0.6055300708194984,0.7089720034867899
co/efficient,1.1,0.3,2024-09-06,5,209114,IVR/Text,Wisconsin,917,Harris,47,2024-11-05,60,0.6055300708194984,0.7089720034867899
co/efficient,1.1,0.3,2024-09-06,5,209115,IVR/Text,Pennsylvania,889,Harris,46,2024-11-05,60,0.6055300708194984,0.7089720034867899
YouGov,3,-1.1,2024-09-06,9,207965,Online Panel,Michigan,1077,Harris,50,2024-11-05,60,1,1.170828729491993
YouGov,3,-1.1,2024-09-06,9,207966,Online Panel,Pennsylvania,1078,Harris,50,2024-11-05,60,1,1.170828729491993
YouGov,3,-1.1,2024-09-06,9,207967,Online Panel,Wisconsin,946,Harris,51,2024-11-05,60,1,1.170828729491993
Elway,1.9,-0.2,2024-09-06,6,209827,Live Phone/Text-to-Web,Washington,403,Harris,53,2024-11-05,60,0.7958224257542215,0.9317717596470511
Virginia Commonwealth U.,2.1,-0.1,2024-09-06,9,209219,Live Phone/Text-to-Web,Virginia,813,Harris,46,2024-11-05,60,0.8366600265340756,0.9795855958836289
Virginia Commonwealth U.,2.1,-0.1,2024-09-06,9,209220,Live Phone/Text-to-Web,Virginia,749,Harris,49.4,2024-11-05,60,0.8366600265340756,0.9795855958836289
Emerson,2.9,-1.1,2024-09-05,7,207931,Online Panel/Text-to-Web,California,815,Harris,60.8,2024-11-05,61,0.983192080250175,1.1511495341659022
Emerson,2.9,-1.1,2024-09-05,7,207932,Online Panel/Text-to-Web,Florida,815,Harris,47.6,2024-11-05,61,0.983192080250175,1.1511495341659022
Emerson,2.9,-1.1,2024-09-05,7,207933,Online Panel/Text-to-Web,Texas,845,Harris,48,2024-11-05,61,0.983192080250175,1.1511495341659022
Emerson,2.9,-1.1,2024-09-05,7,207934,Online Panel/Text-to-Web,Ohio,945,Harris,44.7,2024-11-05,61,0.983192080250175,1.1511495341659022
TIPP,1.8,-0.4,2024-09-05,3,207961,Online Panel,Arizona,1015,Harris,46,2024-11-05,61,0.7745966692414834,0.9069200341167356
TIPP,1.8,-0.4,2024-09-05,3,207962,Online Panel,Arizona,949,Harris,46.8,2024-11-05,61,0.7745966692414834,0.9069200341167356
TIPP,1.8,-0.4,2024-09-05,3,207963,Online Panel,Arizona,1015,Harris,45.8,2024-11-05,61,0.7745966692414834,0.9069200341167356
TIPP,1.8,-0.4,2024-09-05,3,207964,Online Panel,Arizona,949,Harris,48,2024-11-05,61,0.7745966692414834,0.9069200341167356
Marquette Law School,3,-1.1,2024-09-05,10,209223,Live Phone/Email,Wisconsin,822,Harris,52,2024-11-05,61,1,1.170828729491993
Marquette Law School,3,-1.1,2024-09-05,10,209224,Live Phone/Email,Wisconsin,738,Harris,52,2024-11-05,61,1,1.170828729491993
Marquette Law School,3,-1.1,2024-09-05,10,209225,Live Phone/Email,Wisconsin,822,Harris,47,2024-11-05,61,1,1.170828729491993
Marquette Law School,3,-1.1,2024-09-05,10,209226,Live Phone/Email,Wisconsin,738,Harris,48,2024-11-05,61,1,1.170828729491993
Patriot Polling,1.1,0.6,2024-09-03,5,207904,IVR,Pennsylvania,857,Harris,47.9,2024-11-05,63,0.6055300708194984,0.7089720034867899
Patriot Polling,1.1,0.6,2024-09-03,5,207905,IVR,Michigan,822,Harris,48.4,2024-11-05,63,0.6055300708194984,0.7089720034867899
Patriot Polling,1.1,0.6,2024-09-03,5,207906,IVR,Wisconsin,826,Harris,47.9,2024-11-05,63,0.6055300708194984,0.7089720034867899
Patriot Polling,1.1,0.6,2024-09-03,5,207907,IVR,North Carolina,804,Harris,47.5,2024-11-05,63,0.6055300708194984,0.7089720034867899
Patriot Polling,1.1,0.6,2024-09-03,5,207908,IVR,Georgia,814,Harris,48.3,2024-11-05,63,0.6055300708194984,0.7089720034867899
Patriot Polling,1.1,0.6,2024-09-03,5,207909,IVR,Arizona,804,Harris,46.9,2024-11-05,63,0.6055300708194984,0.7089720034867899
Patriot Polling,1.1,0.6,2024-09-03,5,207910,IVR,Nevada,788,Harris,46.8,2024-11-05,63,0.6055300708194984,0.7089720034867899
Lake Research,1.2,0.1,2024-09-02,1,209302,Live Phone,Indiana,600,Harris,42,2024-11-05,64,0.6324555320336759,0.7404971070311712
Cygnal,2.1,-1.1,2024-09-01,4,207868,Live Phone/Text-to-Web,Alaska,400,Harris,43.1,2024-11-05,65,0.8366600265340756,0.9795855958836289
SoonerPoll.com,1.8,0.3,2024-08-31,10,207760,Online Panel,Oklahoma,323,Harris,39.9,2024-11-05,66,0.7745966692414834,0.9069200341167356
YouGov,3,-1.1,2024-08-31,9,207935,Online Panel,Texas,1200,Harris,44,2024-11-05,66,1,1.170828729491993
YouGov,3,-1.1,2024-08-31,9,207936,Online Panel,Texas,1200,Harris,44,2024-11-05,66,1,1.170828729491993
Trafalgar Group,0.7,0.6,2024-08-30,4,207580,IVR/Live Phone/Text/Online Panel/Email,Wisconsin,1083,Harris,46.2,2024-11-05,67,0.48304589153964794,0.5655640074776931
Trafalgar Group,0.7,0.6,2024-08-30,4,207581,IVR/Live Phone/Text/Online Panel/Email,Michigan,1089,Harris,46.6,2024-11-05,67,0.48304589153964794,0.5655640074776931
Trafalgar Group,0.7,0.6,2024-08-30,4,207582,IVR/Live Phone/Text/Online Panel/Email,Pennsylvania,1082,Harris,44.9,2024-11-05,67,0.48304589153964794,0.5655640074776931
Gonzales Research & Media Services,1.2,0.4,2024-08-30,5,207670,Live Phone,Maryland,820,Harris,56,2024-11-05,67,0.6324555320336759,0.7404971070311712
Wick,1.4,0.1,2024-08-29,5,207569,IVR/Text-to-Web,Pennsylvania,1607,Harris,47,2024-11-05,68,0.6831300510639732,0.7998282897650321
Wick,1.4,0.1,2024-08-29,5,207570,IVR/Text-to-Web,Pennsylvania,1607,Harris,49,2024-11-05,68,0.6831300510639732,0.7998282897650321
SurveyUSA,2.8,-1.3,2024-08-29,8,207573,Online Panel,Minnesota,635,Harris,48,2024-11-05,68,0.9660917830792959,1.1311280149553862
Global Strategy Group,1.8,-0.5,2024-08-29,1,210288,Live Phone/Text-to-Web,Nebraska,600,Harris,37,2024-11-05,68,0.7745966692414834,0.9069200341167356
Lake Research,1.2,0.1,2024-08-29,1,209328,Live Phone,Texas,800,Harris,43,2024-11-05,68,0.6324555320336759,0.7404971070311712
CNN/SSRS,2.8,-0.6,2024-08-29,10,207691,Probability Panel,Arizona,682,Harris,44,2024-11-05,68,0.9660917830792959,1.1311280149553862
CNN/SSRS,2.8,-0.6,2024-08-29,10,207692,Probability Panel,Georgia,617,Harris,48,2024-11-05,68,0.9660917830792959,1.1311280149553862
CNN/SSRS,2.8,-0.6,2024-08-29,10,207693,Probability Panel,Michigan,708,Harris,48,2024-11-05,68,0.9660917830792959,1.1311280149553862
CNN/SSRS,2.8,-0.6,2024-08-29,10,207694,Probability Panel,Nevada,626,Harris,48,2024-11-05,68,0.9660917830792959,1.1311280149553862
CNN/SSRS,2.8,-0.6,2024-08-29,10,207695,Probability Panel,Pennsylvania,789,Harris,47,2024-11-05,68,0.9660917830792959,1.1311280149553862
CNN/SSRS,2.8,-0.6,2024-08-29,10,207696,Probability Panel,Wisconsin,976,Harris,50,2024-11-05,68,0.9660917830792959,1.1311280149553862
East Carolina University,2.6,-0.5,2024-08-28,7,207685,IVR/Text-to-Web,North Carolina,920,Harris,46.9,2024-11-05,69,0.9309493362512627,1.0899822285844802
Glengariff Group Inc.,1.5,-0.2,2024-08-28,1,207690,Live Phone,Michigan,600,Harris,43.5,2024-11-05,69,0.7071067811865476,0.8279009342318182
Emerson,2.9,-1.1,2024-08-28,7,207317,IVR/Online Panel/Text-to-Web,Arizona,720,Harris,47.5,2024-11-05,69,0.983192080250175,1.1511495341659022
Emerson,2.9,-1.1,2024-08-28,7,207319,IVR/Online Panel/Text-to-Web,Michigan,800,Harris,51.2,2024-11-05,69,0.983192080250175,1.1511495341659022
Emerson,2.9,-1.1,2024-08-28,7,207321,IVR/Online Panel/Text-to-Web,Nevada,1168,Harris,49.4,2024-11-05,69,0.983192080250175,1.1511495341659022
Emerson,2.9,-1.1,2024-08-28,7,207320,IVR/Online Panel/Text-to-Web,Pennsylvania,950,Harris,49.4,2024-11-05,69,0.983192080250175,1.1511495341659022
Emerson,2.9,-1.1,2024-08-28,7,207323,IVR/Online Panel/Text-to-Web,Wisconsin,850,Harris,49.1,2024-11-05,69,0.983192080250175,1.1511495341659022
Emerson,2.9,-1.1,2024-08-28,7,207322,IVR/Online Panel/Text-to-Web,North Carolina,775,Harris,49,2024-11-05,69,0.983192080250175,1.1511495341659022
Emerson,2.9,-1.1,2024-08-28,7,207318,IVR/Online Panel/Text-to-Web,Georgia,800,Harris,50.1,2024-11-05,69,0.983192080250175,1.1511495341659022
Redfield & Wilton Strategies,1.8,0.4,2024-08-28,9,207520,Online Panel,North Carolina,812,Harris,44,2024-11-05,69,0.7745966692414834,0.9069200341167356
Redfield & Wilton Strategies,1.8,0.4,2024-08-28,9,207513,Online Panel,Arizona,530,Harris,45,2024-11-05,69,0.7745966692414834,0.9069200341167356
Redfield & Wilton Strategies,1.8,0.4,2024-08-28,9,207514,Online Panel,Florida,850,Harris,43,2024-11-05,69,0.7745966692414834,0.9069200341167356
Redfield & Wilton Strategies,1.8,0.4,2024-08-28,9,207515,Online Panel,Georgia,699,Harris,42,2024-11-05,69,0.7745966692414834,0.9069200341167356
Redfield & Wilton Strategies,1.8,0.4,2024-08-28,9,207516,Online Panel,Michigan,761,Harris,47,2024-11-05,69,0.7745966692414834,0.9069200341167356
Redfield & Wilton Strategies,1.8,0.4,2024-08-28,9,207517,Online Panel,Minnesota,426,Harris,51,2024-11-05,69,0.7745966692414834,0.9069200341167356
Redfield & Wilton Strategies,1.8,0.4,2024-08-28,9,207518,Online Panel,Nevada,490,Harris,47,2024-11-05,69,0.7745966692414834,0.9069200341167356
Redfield & Wilton Strategies,1.8,0.4,2024-08-28,9,207519,Online Panel,New Mexico,488,Harris,47,2024-11-05,69,0.7745966692414834,0.9069200341167356
Redfield & Wilton Strategies,1.8,0.4,2024-08-28,9,207521,Online Panel,Pennsylvania,1071,Harris,46,2024-11-05,69,0.7745966692414834,0.9069200341167356
Redfield & Wilton Strategies,1.8,0.4,2024-08-28,9,207522,Online Panel,Wisconsin,672,Harris,48,2024-11-05,69,0.7745966692414834,0.9069200341167356
Morning Consult,1.9,-0.3,2024-08-27,3,207449,Online Panel,Arizona,805,Harris,49,2024-11-05,70,0.7958224257542215,0.9317717596470511
Morning Consult,1.9,-0.3,2024-08-27,3,207450,Online Panel,Arizona,805,Harris,48,2024-11-05,70,0.7958224257542215,0.9317717596470511
Morning Consult,1.9,-0.3,2024-08-27,3,207451,Online Panel,Arizona,776,Harris,49,2024-11-05,70,0.7958224257542215,0.9317717596470511
Morning Consult,1.9,-0.3,2024-08-27,3,207452,Online Panel,Arizona,776,Harris,48,2024-11-05,70,0.7958224257542215,0.9317717596470511
SurveyUSA,2.8,-1.3,2024-08-27,8,207603,IVR/Online Panel/Text-to-Web,Nebraska,1293,Harris,37,2024-11-05,70,0.9660917830792959,1.1311280149553862
SurveyUSA,2.8,-1.3,2024-08-27,8,207604,IVR/Online Panel/Text-to-Web,Nebraska CD-2,507,Harris,47,2024-11-05,70,0.9660917830792959,1.1311280149553862
Research America,0.7,1.7,2024-08-27,4,207561,IVR,West Virginia,400,Harris,34,2024-11-05,70,0.48304589153964794,0.5655640074776931
Beacon/Shaw,2.8,-1.1,2024-08-26,9,207243,Live Phone/Text-to-Web,Arizona,1014,Harris,48,2024-11-05,71,0.9660917830792959,1.1311280149553862
Beacon/Shaw,2.8,-1.1,2024-08-26,9,207244,Live Phone/Text-to-Web,Arizona,1014,Harris,50,2024-11-05,71,0.9660917830792959,1.1311280149553862
Beacon/Shaw,2.8,-1.1,2024-08-26,9,207245,Live Phone/Text-to-Web,Georgia,1014,Harris,48,2024-11-05,71,0.9660917830792959,1.1311280149553862
Beacon/Shaw,2.8,-1.1,2024-08-26,9,207246,Live Phone/Text-to-Web,Georgia,1014,Harris,50,2024-11-05,71,0.9660917830792959,1.1311280149553862
Beacon/Shaw,2.8,-1.1,2024-08-26,9,207247,Live Phone/Text-to-Web,Nevada,1026,Harris,48,2024-11-05,71,0.9660917830792959,1.1311280149553862
Beacon/Shaw,2.8,-1.1,2024-08-26,9,207248,Live Phone/Text-to-Web,Nevada,1026,Harris,50,2024-11-05,71,0.9660917830792959,1.1311280149553862
Beacon/Shaw,2.8,-1.1,2024-08-26,9,207249,Live Phone/Text-to-Web,North Carolina,999,Harris,47,2024-11-05,71,0.9660917830792959,1.1311280149553862
Beacon/Shaw,2.8,-1.1,2024-08-26,9,207250,Live Phone/Text-to-Web,North Carolina,999,Harris,49,2024-11-05,71,0.9660917830792959,1.1311280149553862
Morning Consult,1.9,-0.3,2024-08-26,3,207453,Online Panel,Georgia,801,Harris,47,2024-11-05,71,0.7958224257542215,0.9317717596470511
Morning Consult,1.9,-0.3,2024-08-26,3,207454,Online Panel,Georgia,801,Harris,49,2024-11-05,71,0.7958224257542215,0.9317717596470511
Morning Consult,1.9,-0.3,2024-08-26,3,207455,Online Panel,Georgia,737,Harris,48,2024-11-05,71,0.7958224257542215,0.9317717596470511
Morning Consult,1.9,-0.3,2024-08-26,3,207456,Online Panel,Georgia,737,Harris,50,2024-11-05,71,0.7958224257542215,0.9317717596470511
Morning Consult,1.9,-0.3,2024-08-26,3,207457,Online Panel,Michigan,702,Harris,48,2024-11-05,71,0.7958224257542215,0.9317717596470511
Morning Consult,1.9,-0.3,2024-08-26,3,207458,Online Panel,Michigan,702,Harris,49,2024-11-05,71,0.7958224257542215,0.9317717596470511
Morning Consult,1.9,-0.3,2024-08-26,3,207459,Online Panel,Michigan,651,Harris,49,2024-11-05,71,0.7958224257542215,0.9317717596470511
Morning Consult,1.9,-0.3,2024-08-26,3,207460,Online Panel,Michigan,651,Harris,49,2024-11-05,71,0.7958224257542215,0.9317717596470511
Morning Consult,1.9,-0.3,2024-08-26,3,207461,Online Panel,Nevada,450,Harris,48,2024-11-05,71,0.7958224257542215,0.9317717596470511
Morning Consult,1.9,-0.3,2024-08-26,3,207462,Online Panel,Nevada,450,Harris,49,2024-11-05,71,0.7958224257542215,0.9317717596470511
Morning Consult,1.9,-0.3,2024-08-26,3,207463,Online Panel,Nevada,416,Harris,48,2024-11-05,71,0.7958224257542215,0.9317717596470511
Morning Consult,1.9,-0.3,2024-08-26,3,207464,Online Panel,Nevada,416,Harris,50,2024-11-05,71,0.7958224257542215,0.9317717596470511
Morning Consult,1.9,-0.3,2024-08-26,3,207465,Online Panel,North Carolina,700,Harris,48,2024-11-05,71,0.7958224257542215,0.9317717596470511
Morning Consult,1.9,-0.3,2024-08-26,3,207466,Online Panel,North Carolina,700,Harris,49,2024-11-05,71,0.7958224257542215,0.9317717596470511
Morning Consult,1.9,-0.3,2024-08-26,3,207467,Online Panel,North Carolina,645,Harris,48,2024-11-05,71,0.7958224257542215,0.9317717596470511
Morning Consult,1.9,-0.3,2024-08-26,3,207468,Online Panel,North Carolina,645,Harris,49,2024-11-05,71,0.7958224257542215,0.9317717596470511
Morning Consult,1.9,-0.3,2024-08-26,3,207469,Online Panel,Pennsylvania,803,Harris,51,2024-11-05,71,0.7958224257542215,0.9317717596470511
Morning Consult,1.9,-0.3,2024-08-26,3,207470,Online Panel,Pennsylvania,803,Harris,51,2024-11-05,71,0.7958224257542215,0.9317717596470511
Morning Consult,1.9,-0.3,2024-08-26,3,207471,Online Panel,Pennsylvania,758,Harris,51,2024-11-05,71,0.7958224257542215,0.9317717596470511
Morning Consult,1.9,-0.3,2024-08-26,3,207472,Online Panel,Pennsylvania,758,Harris,51,2024-11-05,71,0.7958224257542215,0.9317717596470511
Morning Consult,1.9,-0.3,2024-08-26,3,207473,Online Panel,Wisconsin,701,Harris,51,2024-11-05,71,0.7958224257542215,0.9317717596470511
Morning Consult,1.9,-0.3,2024-08-26,3,207474,Online Panel,Wisconsin,701,Harris,52,2024-11-05,71,0.7958224257542215,0.9317717596470511
Morning Consult,1.9,-0.3,2024-08-26,3,207475,Online Panel,Wisconsin,648,Harris,52,2024-11-05,71,0.7958224257542215,0.9317717596470511
Morning Consult,1.9,-0.3,2024-08-26,3,207476,Online Panel,Wisconsin,648,Harris,53,2024-11-05,71,0.7958224257542215,0.9317717596470511
EPIC/MRA,1.9,-0.7,2024-08-26,3,207509,Live Phone,Michigan,600,Harris,45,2024-11-05,71,0.7958224257542215,0.9317717596470511
EPIC/MRA,1.9,-0.7,2024-08-26,3,207510,Live Phone,Michigan,600,Harris,46,2024-11-05,71,0.7958224257542215,0.9317717596470511
Cherry Communications,1,0.2,2024-08-26,1,207479,Live Phone,Florida,600,Harris,45,2024-11-05,71,0.5773502691896257,0.6759782821471497
YouGov,3,-1.1,2024-08-23,9,208263,Online Panel,Pennsylvania,500,Harris,43,2024-11-05,74,1,1.170828729491993
YouGov,3,-1.1,2024-08-23,9,208269,Online Panel,Pennsylvania,500,Harris,43,2024-11-05,74,1,1.170828729491993
YouGov,3,-1.1,2024-08-23,9,208264,Online Panel,Wisconsin,500,Harris,48,2024-11-05,74,1,1.170828729491993
YouGov,3,-1.1,2024-08-23,9,208270,Online Panel,Wisconsin,500,Harris,45,2024-11-05,74,1,1.170828729491993
YouGov,3,-1.1,2024-08-23,9,208265,Online Panel,Michigan,500,Harris,44,2024-11-05,74,1,1.170828729491993
YouGov,3,-1.1,2024-08-23,9,208271,Online Panel,Michigan,500,Harris,44,2024-11-05,74,1,1.170828729491993
PPP,1.4,0,2024-08-22,4,206989,IVR/Text-to-Web,Texas,725,Harris,42,2024-11-05,75,0.6831300510639732,0.7998282897650321
PPP,1.4,0,2024-08-22,4,206990,IVR/Text-to-Web,Texas,725,Harris,44,2024-11-05,75,0.6831300510639732,0.7998282897650321
PPP,1.4,0,2024-08-22,4,206991,IVR/Text-to-Web,Florida,837,Harris,45,2024-11-05,75,0.6831300510639732,0.7998282897650321
PPP,1.4,0,2024-08-22,4,206992,IVR/Text-to-Web,Florida,837,Harris,47,2024-11-05,75,0.6831300510639732,0.7998282897650321
Emerson,2.9,-1.1,2024-08-22,7,206738,IVR/Online Panel/Text-to-Web,New Mexico,965,Harris,53.6,2024-11-05,75,0.983192080250175,1.1511495341659022
Emerson,2.9,-1.1,2024-08-22,7,206739,IVR/Online Panel/Text-to-Web,New Mexico,965,Harris,51,2024-11-05,75,0.983192080250175,1.1511495341659022
TIPP,1.8,-0.4,2024-08-22,3,206835,Online Panel,Michigan,1001,Harris,46.4,2024-11-05,75,0.7745966692414834,0.9069200341167356
TIPP,1.8,-0.4,2024-08-22,3,206836,Online Panel,Michigan,741,Harris,48.4,2024-11-05,75,0.7745966692414834,0.9069200341167356
TIPP,1.8,-0.4,2024-08-22,3,206837,Online Panel,Michigan,1001,Harris,43.7,2024-11-05,75,0.7745966692414834,0.9069200341167356
TIPP,1.8,-0.4,2024-08-22,3,206838,Online Panel,Michigan,741,Harris,46.8,2024-11-05,75,0.7745966692414834,0.9069200341167356
SurveyUSA/High Point University,2.8,-1.3,2024-08-21,10,206654,Online Panel,North Carolina,1053,Harris,46,2024-11-05,76,0.9660917830792959,1.1311280149553862
SurveyUSA/High Point University,2.8,-1.3,2024-08-21,10,206735,Online Panel,North Carolina,941,Harris,47,2024-11-05,76,0.9660917830792959,1.1311280149553862
Fabrizio Ward,1.7,-0.1,2024-08-21,6.5,207324,Online Panel/Text-to-Web,Michigan,400,Harris,44,2024-11-05,76,0.752772652709081,0.8813678485676907
Fabrizio Ward,1.7,-0.1,2024-08-21,6.5,207327,Online Panel/Text-to-Web,Michigan,400,Harris,46,2024-11-05,76,0.752772652709081,0.8813678485676907
Fabrizio Ward,1.7,-0.1,2024-08-21,6.5,207325,Online Panel/Text-to-Web,Pennsylvania,400,Harris,43,2024-11-05,76,0.752772652709081,0.8813678485676907
Fabrizio Ward,1.7,-0.1,2024-08-21,6.5,207328,Online Panel/Text-to-Web,Pennsylvania,400,Harris,46,2024-11-05,76,0.752772652709081,0.8813678485676907
Fabrizio Ward,1.7,-0.1,2024-08-21,6.5,207326,Online Panel/Text-to-Web,Wisconsin,400,Harris,47,2024-11-05,76,0.752772652709081,0.8813678485676907
Fabrizio Ward,1.7,-0.1,2024-08-21,6.5,207329,Online Panel/Text-to-Web,Wisconsin,400,Harris,49,2024-11-05,76,0.752772652709081,0.8813678485676907
BK Strategies,1.3,0.3,2024-08-21,1.5,208233,Live Phone,Wisconsin,600,Harris,48,2024-11-05,76,0.6582805886043833,0.7707338252049115
Fabrizio/Impact,1.7,-0.3,2024-08-20,2,207051,Live Phone,Maryland,600,Harris,59,2024-11-05,77,0.752772652709081,0.8813678485676907
Fabrizio/Impact,1.7,-0.3,2024-08-20,2,207052,Live Phone,Maryland,600,Harris,64,2024-11-05,77,0.752772652709081,0.8813678485676907
Spry Strategies,1.5,0.2,2024-08-20,4,207439,IVR/Text-to-Web,Arizona,600,Harris,47.6,2024-11-05,77,0.7071067811865476,0.8279009342318182
Spry Strategies,1.5,0.2,2024-08-20,4,207440,IVR/Text-to-Web,Arizona,600,Harris,46.1,2024-11-05,77,0.7071067811865476,0.8279009342318182
Spry Strategies,1.5,0.2,2024-08-20,4,207441,IVR/Text-to-Web,Georgia,600,Harris,48.9,2024-11-05,77,0.7071067811865476,0.8279009342318182
Spry Strategies,1.5,0.2,2024-08-20,4,207442,IVR/Text-to-Web,Georgia,600,Harris,46.8,2024-11-05,77,0.7071067811865476,0.8279009342318182
Spry Strategies,1.5,0.2,2024-08-20,4,207443,IVR/Text-to-Web,North Carolina,600,Harris,47.2,2024-11-05,77,0.7071067811865476,0.8279009342318182
Spry Strategies,1.5,0.2,2024-08-20,4,207444,IVR/Text-to-Web,North Carolina,600,Harris,46.5,2024-11-05,77,0.7071067811865476,0.8279009342318182
Spry Strategies,1.5,0.2,2024-08-20,4,207445,IVR/Text-to-Web,Pennsylvania,600,Harris,48.2,2024-11-05,77,0.7071067811865476,0.8279009342318182
Spry Strategies,1.5,0.2,2024-08-20,4,207446,IVR/Text-to-Web,Pennsylvania,600,Harris,46.3,2024-11-05,77,0.7071067811865476,0.8279009342318182
Spry Strategies,1.5,0.2,2024-08-20,4,207447,IVR/Text-to-Web,Wisconsin,600,Harris,47.9,2024-11-05,77,0.7071067811865476,0.8279009342318182
Spry Strategies,1.5,0.2,2024-08-20,4,207448,IVR/Text-to-Web,Wisconsin,600,Harris,46.3,2024-11-05,77,0.7071067811865476,0.8279009342318182
U. New Hampshire,2.6,-0.3,2024-08-19,10,206546,Probability Panel,New Hampshire,2048,Harris,50,2024-11-05,78,0.9309493362512627,1.0899822285844802
U. New Hampshire,2.6,-0.3,2024-08-19,10,206547,Probability Panel,New Hampshire,2048,Harris,52,2024-11-05,78,0.9309493362512627,1.0899822285844802
U. New Hampshire,2.6,-0.3,2024-08-19,10,206548,Probability Panel,Vermont,924,Harris,67,2024-11-05,78,0.9309493362512627,1.0899822285844802
U. New Hampshire,2.6,-0.3,2024-08-19,10,206549,Probability Panel,Vermont,924,Harris,70,2024-11-05,78,0.9309493362512627,1.0899822285844802
U. New Hampshire,2.6,-0.3,2024-08-19,10,206550,Probability Panel,Maine,951,Harris,55,2024-11-05,78,0.9309493362512627,1.0899822285844802
U. New Hampshire,2.6,-0.3,2024-08-19,10,206553,Probability Panel,Maine,951,Harris,58,2024-11-05,78,0.9309493362512627,1.0899822285844802
U. New Hampshire,2.6,-0.3,2024-08-19,10,206551,Probability Panel,Maine CD-1,490,Harris,62,2024-11-05,78,0.9309493362512627,1.0899822285844802
U. New Hampshire,2.6,-0.3,2024-08-19,10,206554,Probability Panel,Maine CD-1,476,Harris,64,2024-11-05,78,0.9309493362512627,1.0899822285844802
U. New Hampshire,2.6,-0.3,2024-08-19,10,206552,Probability Panel,Maine CD-2,443,Harris,49,2024-11-05,78,0.9309493362512627,1.0899822285844802
U. New Hampshire,2.6,-0.3,2024-08-19,10,206555,Probability Panel,Maine CD-2,432,Harris,52,2024-11-05,78,0.9309493362512627,1.0899822285844802
Remington,2.6,-0.6,2024-08-17,7,206470,IVR,Nebraska CD-2,656,Harris,50,2024-11-05,80,0.9309493362512627,1.0899822285844802
Change Research,1.4,0.6,2024-08-17,5,206653,Text-to-Web/Online Ad,Nebraska CD-2,437,Harris,47,2024-11-05,80,0.6831300510639732,0.7998282897650321
Roanoke College,2.6,-0.4,2024-08-16,7,206471,Live Phone/Online Panel,Virginia,691,Harris,47,2024-11-05,81,0.9309493362512627,1.0899822285844802
Roanoke College,2.6,-0.4,2024-08-16,7,206472,Live Phone/Online Panel,Virginia,691,Harris,45,2024-11-05,81,0.9309493362512627,1.0899822285844802
Noble Predictive Insights,2.4,-0.4,2024-08-16,6,206993,Online Panel,Arizona,1003,Harris,44,2024-11-05,81,0.8944271909999159,1.0472210516615237
Noble Predictive Insights,2.4,-0.4,2024-08-16,6,206994,Online Panel,Arizona,1003,Harris,43,2024-11-05,81,0.8944271909999159,1.0472210516615237
YouGov,3,-1.1,2024-08-16,9,207316,Online Panel,Missouri,900,Harris,41,2024-11-05,81,1,1.170828729491993
University of Houston/Texas Southern University,2.2,-0.3,2024-08-16,9,206559,Online Panel,Texas,1365,Harris,44.6,2024-11-05,81,0.8563488385776753,1.0026378226738435
Siena/NYT,3,-1.5,2024-08-15,9,206202,Live Phone,Nevada,677,Harris,46,2024-11-05,82,1,1.170828729491993
Siena/NYT,3,-1.5,2024-08-15,9,206206,Live Phone,Nevada,677,Harris,47,2024-11-05,82,1,1.170828729491993
Siena/NYT,3,-1.5,2024-08-15,9,206210,Live Phone,Nevada,677,Harris,42,2024-11-05,82,1,1.170828729491993
Siena/NYT,3,-1.5,2024-08-15,9,206214,Live Phone,Nevada,677,Harris,44,2024-11-05,82,1,1.170828729491993
Redfield & Wilton Strategies,1.8,0.4,2024-08-15,9,206353,Online Panel,Arizona,592,Harris,43,2024-11-05,82,0.7745966692414834,0.9069200341167356
Redfield & Wilton Strategies,1.8,0.4,2024-08-15,9,206354,Online Panel,Florida,1296,Harris,43,2024-11-05,82,0.7745966692414834,0.9069200341167356
Redfield & Wilton Strategies,1.8,0.4,2024-08-15,9,206355,Online Panel,Georgia,692,Harris,46,2024-11-05,82,0.7745966692414834,0.9069200341167356
Redfield & Wilton Strategies,1.8,0.4,2024-08-15,9,206356,Online Panel,Michigan,530,Harris,44,2024-11-05,82,0.7745966692414834,0.9069200341167356
Redfield & Wilton Strategies,1.8,0.4,2024-08-15,9,206357,Online Panel,Minnesota,475,Harris,47,2024-11-05,82,0.7745966692414834,0.9069200341167356
Redfield & Wilton Strategies,1.8,0.4,2024-08-15,9,206358,Online Panel,Nevada,536,Harris,42,2024-11-05,82,0.7745966692414834,0.9069200341167356
Redfield & Wilton Strategies,1.8,0.4,2024-08-15,9,206359,Online Panel,New Mexico,453,Harris,47,2024-11-05,82,0.7745966692414834,0.9069200341167356
Redfield & Wilton Strategies,1.8,0.4,2024-08-15,9,206360,Online Panel,North Carolina,601,Harris,44,2024-11-05,82,0.7745966692414834,0.9069200341167356
Redfield & Wilton Strategies,1.8,0.4,2024-08-15,9,206361,Online Panel,Pennsylvania,825,Harris,46,2024-11-05,82,0.7745966692414834,0.9069200341167356
Redfield & Wilton Strategies,1.8,0.4,2024-08-15,9,206362,Online Panel,Wisconsin,469,Harris,48,2024-11-05,82,0.7745966692414834,0.9069200341167356
Siena/NYT,3,-1.5,2024-08-15,9,206199,Live Phone,Arizona,677,Harris,49,2024-11-05,82,1,1.170828729491993
Siena/NYT,3,-1.5,2024-08-15,9,206203,Live Phone,Arizona,677,Harris,50,2024-11-05,82,1,1.170828729491993
Siena/NYT,3,-1.5,2024-08-15,9,206207,Live Phone,Arizona,677,Harris,45,2024-11-05,82,1,1.170828729491993
Siena/NYT,3,-1.5,2024-08-15,9,206211,Live Phone,Arizona,677,Harris,47,2024-11-05,82,1,1.170828729491993
St. Anselm,2.4,-0.5,2024-08-14,6,206431,Online Panel,New Hampshire,1656,Harris,51,2024-11-05,83,0.8944271909999159,1.0472210516615237
Emerson,2.9,-1.1,2024-08-14,7,206163,IVR/Online Panel/Text-to-Web,Pennsylvania,1000,Harris,49.3,2024-11-05,83,0.983192080250175,1.1511495341659022
Emerson,2.9,-1.1,2024-08-14,7,206164,IVR/Online Panel/Text-to-Web,Pennsylvania,1000,Harris,46.8,2024-11-05,83,0.983192080250175,1.1511495341659022
TIPP,1.8,-0.4,2024-08-14,3,206115,Online Panel,Wisconsin,1015,Harris,47,2024-11-05,83,0.7745966692414834,0.9069200341167356
TIPP,1.8,-0.4,2024-08-14,3,206116,Online Panel,Wisconsin,976,Harris,47.2,2024-11-05,83,0.7745966692414834,0.9069200341167356
TIPP,1.8,-0.4,2024-08-14,3,206117,Online Panel,Wisconsin,1015,Harris,45.3,2024-11-05,83,0.7745966692414834,0.9069200341167356
TIPP,1.8,-0.4,2024-08-14,3,206118,Online Panel,Wisconsin,976,Harris,46.2,2024-11-05,83,0.7745966692414834,0.9069200341167356
Siena/NYT,3,-1.5,2024-08-14,9,206201,Live Phone,North Carolina,655,Harris,49,2024-11-05,83,1,1.170828729491993
Siena/NYT,3,-1.5,2024-08-14,9,206205,Live Phone,North Carolina,655,Harris,49,2024-11-05,83,1,1.170828729491993
Siena/NYT,3,-1.5,2024-08-14,9,206209,Live Phone,North Carolina,655,Harris,45,2024-11-05,83,1,1.170828729491993
Siena/NYT,3,-1.5,2024-08-14,9,206213,Live Phone,North Carolina,655,Harris,46,2024-11-05,83,1,1.170828729491993
Siena/NYT,3,-1.5,2024-08-14,9,206200,Live Phone,Georgia,661,Harris,44,2024-11-05,83,1,1.170828729491993
Siena/NYT,3,-1.5,2024-08-14,9,206204,Live Phone,Georgia,661,Harris,46,2024-11-05,83,1,1.170828729491993
Siena/NYT,3,-1.5,2024-08-14,9,206208,Live Phone,Georgia,661,Harris,41,2024-11-05,83,1,1.170828729491993
Siena/NYT,3,-1.5,2024-08-14,9,206212,Live Phone,Georgia,661,Harris,44,2024-11-05,83,1,1.170828729491993
Strategies 360,1.3,0.1,2024-08-14,5,207187,Online Panel/Text-to-Web,Arizona,400,Harris,47,2024-11-05,83,0.6582805886043833,0.7707338252049115
Strategies 360,1.3,0.1,2024-08-14,5,207188,Online Panel/Text-to-Web,Nevada,350,Harris,48,2024-11-05,83,0.6582805886043833,0.7707338252049115
RMG Research,2.3,-0.4,2024-08-14,5,206114,Online Panel,Montana,540,Harris,39,2024-11-05,83,0.8755950357709131,1.0251718232811544
Quinnipiac,2.8,-0.5,2024-08-12,9,205900,Live Phone,Pennsylvania,1738,Harris,48,2024-11-05,85,0.9660917830792959,1.1311280149553862
Quinnipiac,2.8,-0.5,2024-08-12,9,205901,Live Phone,Pennsylvania,1738,Harris,50,2024-11-05,85,0.9660917830792959,1.1311280149553862
Suffolk,2.9,-1,2024-08-11,8,205739,Live Phone,Florida,500,Harris,41.8,2024-11-05,86,0.983192080250175,1.1511495341659022
Fabrizio/Impact,1.7,-0.3,2024-08-11,2,206074,Live Phone/Text-to-Web,Michigan,600,Harris,43,2024-11-05,86,0.752772652709081,0.8813678485676907
Fabrizio/Impact,1.7,-0.3,2024-08-11,2,206075,Live Phone/Text-to-Web,Michigan,600,Harris,48,2024-11-05,86,0.752772652709081,0.8813678485676907
Franklin and Marshall College,2.4,-0.1,2024-08-11,8.5,206014,Mail-to-Web/Mail-to-Phone,Pennsylvania,920,Harris,46,2024-11-05,86,0.8944271909999159,1.0472210516615237
Siena/NYT,3,-1.5,2024-08-09,9,205625,Live Phone,Pennsylvania,693,Harris,49,2024-11-05,88,1,1.170828729491993
Siena/NYT,3,-1.5,2024-08-09,9,205628,Live Phone,Pennsylvania,693,Harris,50,2024-11-05,88,1,1.170828729491993
Siena/NYT,3,-1.5,2024-08-09,9,205631,Live Phone,Pennsylvania,693,Harris,45,2024-11-05,88,1,1.170828729491993
Siena/NYT,3,-1.5,2024-08-09,9,205634,Live Phone,Pennsylvania,693,Harris,46,2024-11-05,88,1,1.170828729491993
YouGov Blue,3,-1.1,2024-08-09,9,205658,Online Panel,North Carolina,802,Harris,46,2024-11-05,88,1,1.170828729491993
HarrisX,1.5,-0.1,2024-08-09,6,206713,Online Panel,Utah,800,Harris,25,2024-11-05,88,0.7071067811865476,0.8279009342318182
HarrisX,1.5,-0.1,2024-08-09,6,206714,Online Panel,Utah,800,Harris,28,2024-11-05,88,0.7071067811865476,0.8279009342318182
Trafalgar Group,0.7,0.6,2024-08-08,4,205619,IVR/Live Phone/Text/Online Panel/Email,Pennsylvania,1078,Harris,44.4,2024-11-05,89,0.48304589153964794,0.5655640074776931
Trafalgar Group,0.7,0.6,2024-08-08,4,205620,IVR/Live Phone/Text/Online Panel/Email,Arizona,1092,Harris,46.5,2024-11-05,89,0.48304589153964794,0.5655640074776931
Trafalgar Group,0.7,0.6,2024-08-08,4,205621,IVR/Live Phone/Text/Online Panel/Email,Nevada,1087,Harris,44.8,2024-11-05,89,0.48304589153964794,0.5655640074776931
Trafalgar Group,0.7,0.6,2024-08-08,4,205622,IVR/Live Phone/Text/Online Panel/Email,North Carolina,1082,Harris,45.2,2024-11-05,89,0.48304589153964794,0.5655640074776931
Siena/NYT,3,-1.5,2024-08-08,9,205623,Live Phone,Michigan,619,Harris,45,2024-11-05,89,1,1.170828729491993
Siena/NYT,3,-1.5,2024-08-08,9,205626,Live Phone,Michigan,619,Harris,50,2024-11-05,89,1,1.170828729491993
Siena/NYT,3,-1.5,2024-08-08,9,205629,Live Phone,Michigan,619,Harris,44,2024-11-05,89,1,1.170828729491993
Siena/NYT,3,-1.5,2024-08-08,9,205632,Live Phone,Michigan,619,Harris,48,2024-11-05,89,1,1.170828729491993
Siena/NYT,3,-1.5,2024-08-08,9,205624,Live Phone,Wisconsin,661,Harris,50,2024-11-05,89,1,1.170828729491993
Siena/NYT,3,-1.5,2024-08-08,9,205627,Live Phone,Wisconsin,661,Harris,50,2024-11-05,89,1,1.170828729491993
Siena/NYT,3,-1.5,2024-08-08,9,205630,Live Phone,Wisconsin,661,Harris,49,2024-11-05,89,1,1.170828729491993
Siena/NYT,3,-1.5,2024-08-08,9,205633,Live Phone,Wisconsin,661,Harris,49,2024-11-05,89,1,1.170828729491993
Navigator,1.3,0.3,2024-08-08,4.5,206477,Text-to-Web,Arizona,600,Harris,45,2024-11-05,89,0.6582805886043833,0.7707338252049115
Navigator,1.3,0.3,2024-08-08,4.5,206482,Text-to-Web,Arizona,600,Harris,46,2024-11-05,89,0.6582805886043833,0.7707338252049115
Navigator,1.3,0.3,2024-08-08,4.5,206478,Text-to-Web,Michigan,600,Harris,44,2024-11-05,89,0.6582805886043833,0.7707338252049115
Navigator,1.3,0.3,2024-08-08,4.5,206483,Text-to-Web,Michigan,600,Harris,47,2024-11-05,89,0.6582805886043833,0.7707338252049115
Navigator,1.3,0.3,2024-08-08,4.5,206479,Text-to-Web,North Carolina,600,Harris,46,2024-11-05,89,0.6582805886043833,0.7707338252049115
Navigator,1.3,0.3,2024-08-08,4.5,206484,Text-to-Web,North Carolina,600,Harris,46,2024-11-05,89,0.6582805886043833,0.7707338252049115
Navigator,1.3,0.3,2024-08-08,4.5,206480,Text-to-Web,Pennsylvania,600,Harris,44,2024-11-05,89,0.6582805886043833,0.7707338252049115
Navigator,1.3,0.3,2024-08-08,4.5,206485,Text-to-Web,Pennsylvania,600,Harris,46,2024-11-05,89,0.6582805886043833,0.7707338252049115
Navigator,1.3,0.3,2024-08-08,4.5,206481,Text-to-Web,Wisconsin,600,Harris,45,2024-11-05,89,0.6582805886043833,0.7707338252049115
Navigator,1.3,0.3,2024-08-08,4.5,206486,Text-to-Web,Wisconsin,600,Harris,48,2024-11-05,89,0.6582805886043833,0.7707338252049115
Emerson,2.9,-1.1,2024-08-06,7,205437,Online Panel/Text-to-Web,Montana,1000,Harris,42.5,2024-11-05,91,0.983192080250175,1.1511495341659022
Emerson,2.9,-1.1,2024-08-06,7,205438,Online Panel/Text-to-Web,Montana,1000,Harris,39,2024-11-05,91,0.983192080250175,1.1511495341659022
HighGround,1.8,-0.3,2024-08-05,3.5,205574,Live Phone,Arizona,500,Harris,44.4,2024-11-05,92,0.7745966692414834,0.9069200341167356
Redfield & Wilton Strategies,1.8,0.4,2024-08-03,9,205267,Online Panel,Arizona,567,Harris,44,2024-11-05,94,0.7745966692414834,0.9069200341167356
Redfield & Wilton Strategies,1.8,0.4,2024-08-03,9,205268,Online Panel,Florida,976,Harris,41,2024-11-05,94,0.7745966692414834,0.9069200341167356
Redfield & Wilton Strategies,1.8,0.4,2024-08-03,9,205269,Online Panel,Georgia,1128,Harris,44,2024-11-05,94,0.7745966692414834,0.9069200341167356
Redfield & Wilton Strategies,1.8,0.4,2024-08-03,9,205270,Online Panel,Michigan,771,Harris,41,2024-11-05,94,0.7745966692414834,0.9069200341167356
Redfield & Wilton Strategies,1.8,0.4,2024-08-03,9,205271,Online Panel,Minnesota,538,Harris,46,2024-11-05,94,0.7745966692414834,0.9069200341167356
Redfield & Wilton Strategies,1.8,0.4,2024-08-03,9,205272,Online Panel,Nevada,470,Harris,40,2024-11-05,94,0.7745966692414834,0.9069200341167356
Redfield & Wilton Strategies,1.8,0.4,2024-08-03,9,205273,Online Panel,New Mexico,493,Harris,44,2024-11-05,94,0.7745966692414834,0.9069200341167356
Redfield & Wilton Strategies,1.8,0.4,2024-08-03,9,205274,Online Panel,North Carolina,714,Harris,41,2024-11-05,94,0.7745966692414834,0.9069200341167356
Redfield & Wilton Strategies,1.8,0.4,2024-08-03,9,205275,Online Panel,Pennsylvania,743,Harris,44,2024-11-05,94,0.7745966692414834,0.9069200341167356
Redfield & Wilton Strategies,1.8,0.4,2024-08-03,9,205276,Online Panel,Wisconsin,597,Harris,43,2024-11-05,94,0.7745966692414834,0.9069200341167356
Fabrizio,1.7,-0.1,2024-08-01,6,205210,Live Phone/Text-to-Web,Pennsylvania,600,Harris,48,2024-11-05,96,0.752772652709081,0.8813678485676907
Fabrizio,1.7,-0.1,2024-08-01,6,205211,Live Phone/Text-to-Web,Pennsylvania,600,Harris,45,2024-11-05,96,0.752772652709081,0.8813678485676907
Siena,2.7,-0.8,2024-08-01,7,205260,Live Phone,New York,1199,Harris,53,2024-11-05,96,0.9486832980505138,1.1107456605467567
Siena,2.7,-0.8,2024-08-01,7,205261,Live Phone,New York,1199,Harris,49,2024-11-05,96,0.9486832980505138,1.1107456605467567
Marquette Law School,3,-1.1,2024-08-01,10,205425,Live Phone/Email,Wisconsin,877,Harris,49,2024-11-05,96,1,1.170828729491993
Marquette Law School,3,-1.1,2024-08-01,10,205426,Live Phone/Email,Wisconsin,801,Harris,50,2024-11-05,96,1,1.170828729491993
Marquette Law School,3,-1.1,2024-08-01,10,205427,Live Phone/Email,Wisconsin,877,Harris,45,2024-11-05,96,1,1.170828729491993
Marquette Law School,3,-1.1,2024-08-01,10,205428,Live Phone/Email,Wisconsin,801,Harris,46,2024-11-05,96,1,1.170828729491993
Fabrizio/Impact,1.7,-0.3,2024-07-31,2,205571,Live Phone,Georgia,600,Harris,44,2024-11-05,97,0.752772652709081,0.8813678485676907
Fabrizio/Impact,1.7,-0.3,2024-07-31,2,205572,Live Phone,Georgia,600,Harris,48,2024-11-05,97,0.752772652709081,0.8813678485676907
GQR,2,0.1,2024-07-30,5.5,205212,Live Phone,Pennsylvania,500,Harris,50,2024-11-05,98,0.816496580927726,0.9559776544821658
Public Opinion Strategies,1.6,0.3,2024-07-29,3,204993,Online Panel/Text-to-Web,Arizona,400,Harris,43,2024-11-05,99,0.7302967433402214,0.8550524081571717
Public Opinion Strategies,1.6,0.3,2024-07-29,3,204994,Online Panel/Text-to-Web,Michigan,400,Harris,45,2024-11-05,99,0.7302967433402214,0.8550524081571717
Public Opinion Strategies,1.6,0.3,2024-07-29,3,204995,Online Panel/Text-to-Web,Nevada,400,Harris,45,2024-11-05,99,0.7302967433402214,0.8550524081571717
Public Opinion Strategies,1.6,0.3,2024-07-29,3,204996,Online Panel/Text-to-Web,Pennsylvania,400,Harris,48,2024-11-05,99,0.7302967433402214,0.8550524081571717
Public Opinion Strategies,1.6,0.3,2024-07-29,3,204997,Online Panel/Text-to-Web,Wisconsin,400,Harris,48,2024-11-05,99,0.7302967433402214,0.8550524081571717
Emerson,2.9,-1.1,2024-07-28,7,204852,Online Panel/Text-to-Web,New Hampshire,1000,Harris,52.4,2024-11-05,100,0.983192080250175,1.1511495341659022
Emerson,2.9,-1.1,2024-07-28,7,204853,Online Panel/Text-to-Web,New Hampshire,1000,Harris,47.7,2024-11-05,100,0.983192080250175,1.1511495341659022
Morning Consult,1.9,-0.3,2024-07-28,3,204794,Online Panel,Arizona,804,Harris,48,2024-11-05,100,0.7958224257542215,0.9317717596470511
Morning Consult,1.9,-0.3,2024-07-28,3,204801,Online Panel,Arizona,804,Harris,49,2024-11-05,100,0.7958224257542215,0.9317717596470511
Morning Consult,1.9,-0.3,2024-07-28,3,204795,Online Panel,Georgia,799,Harris,45,2024-11-05,100,0.7958224257542215,0.9317717596470511
Morning Consult,1.9,-0.3,2024-07-28,3,204802,Online Panel,Georgia,799,Harris,47,2024-11-05,100,0.7958224257542215,0.9317717596470511
Morning Consult,1.9,-0.3,2024-07-28,3,204796,Online Panel,Michigan,706,Harris,51,2024-11-05,100,0.7958224257542215,0.9317717596470511
Morning Consult,1.9,-0.3,2024-07-28,3,204803,Online Panel,Michigan,706,Harris,53,2024-11-05,100,0.7958224257542215,0.9317717596470511
Morning Consult,1.9,-0.3,2024-07-28,3,204797,Online Panel,Nevada,454,Harris,43,2024-11-05,100,0.7958224257542215,0.9317717596470511
Morning Consult,1.9,-0.3,2024-07-28,3,204804,Online Panel,Nevada,454,Harris,47,2024-11-05,100,0.7958224257542215,0.9317717596470511
Morning Consult,1.9,-0.3,2024-07-28,3,204798,Online Panel,North Carolina,706,Harris,44,2024-11-05,100,0.7958224257542215,0.9317717596470511
Morning Consult,1.9,-0.3,2024-07-28,3,204805,Online Panel,North Carolina,706,Harris,46,2024-11-05,100,0.7958224257542215,0.9317717596470511
Morning Consult,1.9,-0.3,2024-07-28,3,204799,Online Panel,Pennsylvania,804,Harris,44,2024-11-05,100,0.7958224257542215,0.9317717596470511
Morning Consult,1.9,-0.3,2024-07-28,3,204806,Online Panel,Pennsylvania,804,Harris,46,2024-11-05,100,0.7958224257542215,0.9317717596470511
Morning Consult,1.9,-0.3,2024-07-28,3,204800,Online Panel,Wisconsin,700,Harris,44,2024-11-05,100,0.7958224257542215,0.9317717596470511
Morning Consult,1.9,-0.3,2024-07-28,3,204807,Online Panel,Wisconsin,700,Harris,49,2024-11-05,100,0.7958224257542215,0.9317717596470511
Fabrizio/Impact,1.7,-0.3,2024-07-28,2,205029,Live Phone,Ohio,600,Harris,39,2024-11-05,100,0.752772652709081,0.8813678485676907
Fabrizio/Impact,1.7,-0.3,2024-07-28,2,205030,Live Phone,Ohio,600,Harris,42,2024-11-05,100,0.752772652709081,0.8813678485676907
U. North Florida,2.8,-0.6,2024-07-27,10,204676,Live Phone/Text-to-Web,Florida,774,Harris,42,2024-11-05,101,0.9660917830792959,1.1311280149553862
Hoffman Research,1.7,0.1,2024-07-26,5,204850,Live Phone,Oregon,700,Harris,49,2024-11-05,102,0.752772652709081,0.8813678485676907
Hoffman Research,1.7,0.1,2024-07-26,5,204851,Live Phone,Oregon,700,Harris,45,2024-11-05,102,0.752772652709081,0.8813678485676907
St. Anselm,2.4,-0.5,2024-07-25,6,204339,Online Panel,New Hampshire,2083,Harris,50,2024-11-05,103,0.8944271909999159,1.0472210516615237
PPP,1.4,0,2024-07-25,4,204375,IVR/Text-to-Web,Washington,581,Harris,52,2024-11-05,103,0.6831300510639732,0.7998282897650321
U. New Hampshire,2.6,-0.3,2024-07-25,10,204333,Online Panel/Text-to-Web,Maine,1445,Harris,48,2024-11-05,103,0.9309493362512627,1.0899822285844802
U. New Hampshire,2.6,-0.3,2024-07-25,10,204334,Online Panel/Text-to-Web,Maine,1445,Harris,54,2024-11-05,103,0.9309493362512627,1.0899822285844802
U. New Hampshire,2.6,-0.3,2024-07-25,10,204335,Online Panel/Text-to-Web,New Hampshire,2875,Harris,49,2024-11-05,103,0.9309493362512627,1.0899822285844802
U. New Hampshire,2.6,-0.3,2024-07-25,10,204336,Online Panel/Text-to-Web,New Hampshire,2875,Harris,53,2024-11-05,103,0.9309493362512627,1.0899822285844802
SurveyUSA,2.8,-1.3,2024-07-25,8,204502,Online Panel,Minnesota,656,Harris,50,2024-11-05,103,0.9660917830792959,1.1311280149553862
U. New Hampshire,2.6,-0.3,2024-07-25,10,205660,Online Panel/Text-to-Web,Maine CD-1,732,Harris,56,2024-11-05,103,0.9309493362512627,1.0899822285844802
U. New Hampshire,2.6,-0.3,2024-07-25,10,205674,Online Panel/Text-to-Web,Maine CD-1,732,Harris,60,2024-11-05,103,0.9309493362512627,1.0899822285844802
U. New Hampshire,2.6,-0.3,2024-07-25,10,205661,Online Panel/Text-to-Web,Maine CD-2,701,Harris,40,2024-11-05,103,0.9309493362512627,1.0899822285844802
U. New Hampshire,2.6,-0.3,2024-07-25,10,205675,Online Panel/Text-to-Web,Maine CD-2,701,Harris,49,2024-11-05,103,0.9309493362512627,1.0899822285844802
Redfield & Wilton Strategies,1.8,0.4,2024-07-24,9,204356,Online Panel,Nevada,435,Harris,43,2024-11-05,104,0.7745966692414834,0.9069200341167356
Redfield & Wilton Strategies,1.8,0.4,2024-07-24,9,204358,Online Panel,Pennsylvania,851,Harris,42,2024-11-05,104,0.7745966692414834,0.9069200341167356
Redfield & Wilton Strategies,1.8,0.4,2024-07-24,9,204357,Online Panel,North Carolina,586,Harris,43,2024-11-05,104,0.7745966692414834,0.9069200341167356
Redfield & Wilton Strategies,1.8,0.4,2024-07-24,9,204351,Online Panel,Arizona,510,Harris,43,2024-11-05,104,0.7745966692414834,0.9069200341167356
Redfield & Wilton Strategies,1.8,0.4,2024-07-24,9,204352,Online Panel,Florida,572,Harris,39,2024-11-05,104,0.7745966692414834,0.9069200341167356
Redfield & Wilton Strategies,1.8,0.4,2024-07-24,9,204353,Online Panel,Georgia,1180,Harris,42,2024-11-05,104,0.7745966692414834,0.9069200341167356
Redfield & Wilton Strategies,1.8,0.4,2024-07-24,9,204354,Online Panel,Michigan,512,Harris,41,2024-11-05,104,0.7745966692414834,0.9069200341167356
Redfield & Wilton Strategies,1.8,0.4,2024-07-24,9,204355,Online Panel,Minnesota,475,Harris,44,2024-11-05,104,0.7745966692414834,0.9069200341167356
Redfield & Wilton Strategies,1.8,0.4,2024-07-24,9,204359,Online Panel,Wisconsin,523,Harris,44,2024-11-05,104,0.7745966692414834,0.9069200341167356
Glengariff Group Inc.,1.5,-0.2,2024-07-24,1,204360,Live Phone,Michigan,600,Harris,41.6,2024-11-05,104,0.7071067811865476,0.8279009342318182
Beacon/Shaw,2.8,-1.1,2024-07-24,9,204503,Live Phone/Text-to-Web,Wisconsin,1046,Harris,46,2024-11-05,104,0.9660917830792959,1.1311280149553862
Beacon/Shaw,2.8,-1.1,2024-07-24,9,204504,Live Phone/Text-to-Web,Wisconsin,1046,Harris,49,2024-11-05,104,0.9660917830792959,1.1311280149553862
Beacon/Shaw,2.8,-1.1,2024-07-24,9,204507,Live Phone/Text-to-Web,Pennsylvania,1034,Harris,45,2024-11-05,104,0.9660917830792959,1.1311280149553862
Beacon/Shaw,2.8,-1.1,2024-07-24,9,204508,Live Phone/Text-to-Web,Pennsylvania,1034,Harris,49,2024-11-05,104,0.9660917830792959,1.1311280149553862
Beacon/Shaw,2.8,-1.1,2024-07-24,9,204511,Live Phone/Text-to-Web,Minnesota,1071,Harris,47,2024-11-05,104,0.9660917830792959,1.1311280149553862
Beacon/Shaw,2.8,-1.1,2024-07-24,9,204512,Live Phone/Text-to-Web,Minnesota,1071,Harris,52,2024-11-05,104,0.9660917830792959,1.1311280149553862
Beacon/Shaw,2.8,-1.1,2024-07-24,9,204515,Live Phone/Text-to-Web,Michigan,1012,Harris,43,2024-11-05,104,0.9660917830792959,1.1311280149553862
Beacon/Shaw,2.8,-1.1,2024-07-24,9,204516,Live Phone/Text-to-Web,Michigan,1012,Harris,49,2024-11-05,104,0.9660917830792959,1.1311280149553862
Targoz Market Research,1.8,0.1,2024-07-24,7,207337,Online Panel,Florida,1200,Harris,39,2024-11-05,104,0.7745966692414834,0.9069200341167356
Targoz Market Research,1.8,0.1,2024-07-24,7,207338,Online Panel,Florida,988,Harris,42,2024-11-05,104,0.7745966692414834,0.9069200341167356
Emerson,2.9,-1.1,2024-07-23,7,204148,IVR/Online Panel/Text-to-Web,Arizona,800,Harris,47.4,2024-11-05,105,0.983192080250175,1.1511495341659022
Emerson,2.9,-1.1,2024-07-23,7,204153,IVR/Online Panel/Text-to-Web,Arizona,800,Harris,39.8,2024-11-05,105,0.983192080250175,1.1511495341659022
Emerson,2.9,-1.1,2024-07-23,7,204149,IVR/Online Panel/Text-to-Web,Georgia,800,Harris,48.9,2024-11-05,105,0.983192080250175,1.1511495341659022
Emerson,2.9,-1.1,2024-07-23,7,204154,IVR/Online Panel/Text-to-Web,Georgia,800,Harris,43.3,2024-11-05,105,0.983192080250175,1.1511495341659022
Emerson,2.9,-1.1,2024-07-23,7,204150,IVR/Online Panel/Text-to-Web,Michigan,800,Harris,49.1,2024-11-05,105,0.983192080250175,1.1511495341659022
Emerson,2.9,-1.1,2024-07-23,7,204155,IVR/Online Panel/Text-to-Web,Michigan,800,Harris,43.8,2024-11-05,105,0.983192080250175,1.1511495341659022
Emerson,2.9,-1.1,2024-07-23,7,204151,IVR/Online Panel/Text-to-Web,Wisconsin,845,Harris,50.6,2024-11-05,105,0.983192080250175,1.1511495341659022
Emerson,2.9,-1.1,2024-07-23,7,204156,IVR/Online Panel/Text-to-Web,Wisconsin,845,Harris,45.4,2024-11-05,105,0.983192080250175,1.1511495341659022
Emerson,2.9,-1.1,2024-07-23,7,204152,IVR/Online Panel/Text-to-Web,Pennsylvania,850,Harris,48.9,2024-11-05,105,0.983192080250175,1.1511495341659022
Emerson,2.9,-1.1,2024-07-23,7,204157,IVR/Online Panel/Text-to-Web,Pennsylvania,850,Harris,44.3,2024-11-05,105,0.983192080250175,1.1511495341659022
North Star Opinion Research,1.1,0.3,2024-07-23,3,204126,Live Phone,Pennsylvania,600,Harris,45,2024-11-05,105,0.6055300708194984,0.7089720034867899
